compound_id,prediction_selected,prediction_ridge,prediction_mean,scaffold_novel,pIC50
EXT_00001,7.2966,8.5227,6.6136,0,7.695
EXT_00002,7.2522,5.6682,6.6136,1,5.97
EXT_00003,6.3574,6.0813,6.6136,1,5.74
EXT_00004,7.2394,7.4554,6.6136,0,7.645
EXT_00005,8.162,8.5442,6.6136,1,9.54
EXT_00006,5.4944,3.5388,6.6136,1,8.35
EXT_00008,7.0088,6.8167,6.6136,1,7.68
EXT_00009,7.2638,7.0101,6.6136,1,9.135
EXT_00010,5.553,4.6336,6.6136,1,6.34
EXT_00012,7.6031,7.8764,6.6136,1,8.05
EXT_00013,7.9038,7.1413,6.6136,1,7.375
EXT_00014,5.1953,4.6487,6.6136,0,5.57
EXT_00015,5.7657,4.2298,6.6136,1,5.51
EXT_00016,6.7652,7.8896,6.6136,1,5.46
EXT_00017,5.8661,6.3119,6.6136,1,5.22
EXT_00018,5.317,3.8203,6.6136,1,8.77
EXT_00019,7.1688,7.5933,6.6136,1,7.66
EXT_00020,7.3721,5.6974,6.6136,1,8.05
EXT_00021,4.9648,4.0713,6.6136,1,6.01
EXT_00022,6.5336,6.6572,6.6136,0,7.875
EXT_00023,6.7937,7.838,6.6136,1,6.14
EXT_00024,6.3857,5.7355,6.6136,1,6.85
EXT_00025,7.3423,6.8625,6.6136,1,6.77
EXT_00026,6.8492,5.645,6.6136,1,7.86
EXT_00027,4.9822,5.3395,6.6136,1,5.0
EXT_00028,6.9844,7.9152,6.6136,1,7.76
EXT_00029,6.3271,6.6118,6.6136,0,5.46
EXT_00030,5.4382,6.7154,6.6136,1,4.7
EXT_00032,7.243,6.1399,6.6136,1,6.675
EXT_00033,6.7771,6.7195,6.6136,0,6.11
EXT_00034,5.6143,4.9069,6.6136,1,5.25
EXT_00039,6.9184,6.8484,6.6136,0,6.75
EXT_00040,6.9184,6.8484,6.6136,0,6.83
EXT_00041,6.5473,6.6849,6.6136,0,7.04
EXT_00042,7.3944,7.3839,6.6136,1,8.1
EXT_00043,7.536,7.9955,6.6136,1,8.55
EXT_00044,6.3914,5.4278,6.6136,1,6.58
EXT_00045,5.5093,5.4629,6.6136,1,5.46
EXT_00046,5.3186,4.9307,6.6136,1,4.47
EXT_00047,7.303,7.7883,6.6136,0,8.0
EXT_00048,5.3277,4.8904,6.6136,1,5.6
EXT_00049,7.4212,7.811,6.6136,1,7.6
EXT_00050,7.2709,7.0028,6.6136,1,7.14
EXT_00051,5.3057,5.4459,6.6136,1,5.21
EXT_00052,6.6783,8.4744,6.6136,1,5.98
EXT_00053,5.0283,4.7828,6.6136,1,5.74
EXT_00054,7.5968,7.5154,6.6136,0,7.84
EXT_00055,6.5676,6.0329,6.6136,1,6.2
EXT_00056,5.4288,3.8351,6.6136,1,5.73
EXT_00057,4.9487,4.473,6.6136,1,5.23
EXT_00058,7.2494,7.7315,6.6136,1,8.0
EXT_00059,7.2494,7.7315,6.6136,1,7.64
EXT_00060,7.465,6.798,6.6136,1,8.7
EXT_00061,7.2705,5.194,6.6136,0,7.995
EXT_00063,7.8103,8.0354,6.6136,0,8.0
EXT_00064,7.426,6.1279,6.6136,1,7.38
EXT_00065,7.3534,7.9539,6.6136,1,8.85
EXT_00066,7.6551,8.2956,6.6136,1,7.82
EXT_00067,6.6831,6.4011,6.6136,0,5.58
EXT_00068,7.6624,6.4976,6.6136,1,8.37
EXT_00069,4.9496,4.3473,6.6136,1,5.74
EXT_00070,5.2244,4.686,6.6136,1,6.55
EXT_00071,6.5884,7.7266,6.6136,1,7.36
EXT_00072,5.2729,5.3228,6.6136,0,6.3
EXT_00073,5.106,4.0182,6.6136,1,5.85
EXT_00075,6.5193,7.9606,6.6136,1,5.73
EXT_00076,4.7723,4.1396,6.6136,1,5.33
EXT_00077,7.1747,6.6223,6.6136,1,7.54
EXT_00078,7.228,7.8602,6.6136,1,7.94
EXT_00079,7.1707,7.8536,6.6136,1,7.82
EXT_00080,5.3985,6.2528,6.6136,1,4.85
EXT_00081,7.4559,9.0781,6.6136,1,7.08
EXT_00082,7.4732,7.4126,6.6136,1,6.96
EXT_00083,7.3826,7.3069,6.6136,1,8.16
EXT_00084,7.4118,6.846,6.6136,1,6.76
EXT_00085,7.01,7.1663,6.6136,1,8.59
EXT_00086,7.01,7.1663,6.6136,1,8.705
EXT_00087,7.2057,7.8778,6.6136,1,6.96
EXT_00088,7.3431,6.1518,6.6136,1,7.245
EXT_00089,7.3431,6.1518,6.6136,1,5.04
EXT_00090,4.6154,4.2327,6.6136,1,5.58
EXT_00091,7.3468,7.3376,6.6136,1,8.74
EXT_00092,7.0191,7.2983,6.6136,1,7.67
EXT_00093,8.5021,9.1551,6.6136,0,8.7
EXT_00094,5.3331,5.4502,6.6136,1,6.35
EXT_00095,6.5625,7.1667,6.6136,1,4.82
EXT_00096,7.3178,7.6109,6.6136,1,7.55
EXT_00097,7.074,8.2979,6.6136,0,7.17
EXT_00098,7.074,8.2979,6.6136,0,7.27
EXT_00099,5.592,4.8578,6.6136,1,5.16
EXT_00100,7.512,5.1144,6.6136,0,8.03
EXT_00101,6.4064,7.2292,6.6136,1,8.0
EXT_00102,5.9911,6.7111,6.6136,0,5.8
EXT_00103,7.2716,8.1234,6.6136,0,6.935
EXT_00104,7.5507,7.8072,6.6136,1,8.89
EXT_00105,5.4004,2.9773,6.6136,1,6.02
EXT_00106,7.4096,7.2891,6.6136,1,6.51
EXT_00107,5.0468,4.3289,6.6136,1,5.62
EXT_00108,5.5315,5.0881,6.6136,1,5.48
EXT_00109,6.5558,6.9481,6.6136,0,6.98
EXT_00110,7.649,8.1234,6.6136,1,8.04
EXT_00111,7.0191,7.5118,6.6136,1,7.38
EXT_00112,7.2365,5.4266,6.6136,1,7.615
EXT_00113,7.2738,6.6248,6.6136,1,8.85
EXT_00114,7.3687,8.1953,6.6136,1,6.53
EXT_00115,6.6032,6.4947,6.6136,0,6.22
EXT_00116,4.9156,5.1017,6.6136,1,5.24
EXT_00117,4.7277,5.1859,6.6136,0,4.58
EXT_00118,7.2828,6.9043,6.6136,1,6.465
EXT_00119,7.626,10.1207,6.6136,1,9.7
EXT_00120,7.7272,8.269,6.6136,1,7.77
EXT_00121,7.1745,6.8383,6.6136,1,7.12
EXT_00122,8.1225,6.9682,6.6136,1,7.705
EXT_00123,7.1673,6.6101,6.6136,1,8.02
EXT_00124,7.1931,6.3333,6.6136,1,6.85
EXT_00125,5.3079,4.2155,6.6136,1,6.19
EXT_00126,7.1495,8.0792,6.6136,1,8.185
EXT_00127,7.1583,7.7384,6.6136,1,7.28
EXT_00129,5.9032,7.3117,6.6136,1,4.03
EXT_00130,7.1534,7.1005,6.6136,1,7.36
EXT_00131,8.2068,7.7462,6.6136,0,5.08
EXT_00133,6.7797,7.7383,6.6136,0,5.86
EXT_00134,4.802,4.6064,6.6136,1,5.75
EXT_00135,7.3074,7.6602,6.6136,0,7.09
EXT_00136,7.2493,7.0473,6.6136,1,7.69
EXT_00137,7.4467,6.5546,6.6136,1,7.72
EXT_00138,7.3989,7.279,6.6136,0,8.11
EXT_00139,7.234,8.1403,6.6136,1,7.81
EXT_00140,6.8534,4.7742,6.6136,1,7.18
EXT_00141,7.317,7.8705,6.6136,1,7.745
EXT_00142,7.2271,7.3856,6.6136,0,6.02
EXT_00143,6.6806,6.8601,6.6136,1,7.72
EXT_00144,5.4596,5.8797,6.6136,0,5.985
EXT_00145,7.317,8.0161,6.6136,1,8.145
EXT_00146,7.088,7.8854,6.6136,1,7.82
EXT_00147,7.1457,7.1639,6.6136,1,8.23
EXT_00148,7.2164,7.4286,6.6136,1,8.52
EXT_00149,7.3155,7.6851,6.6136,1,9.05
EXT_00150,5.6535,6.4135,6.6136,0,5.23
EXT_00151,7.2013,7.0703,6.6136,1,8.3
EXT_00152,7.3323,7.4735,6.6136,0,6.4
EXT_00153,7.1535,7.923,6.6136,0,8.525
EXT_00154,6.6513,6.6429,6.6136,1,7.92
EXT_00155,6.9482,6.2444,6.6136,1,7.51
EXT_00156,4.8776,4.8652,6.6136,1,6.23
EXT_00157,6.4406,6.6307,6.6136,1,5.63
EXT_00158,7.6005,7.675,6.6136,1,7.68
EXT_00160,5.1075,4.46,6.6136,1,5.245
EXT_00161,7.5088,7.269,6.6136,0,8.18
EXT_00162,7.2893,7.1846,6.6136,1,7.68
EXT_00163,6.317,6.2809,6.6136,1,8.28
EXT_00164,7.3925,6.9519,6.6136,1,7.695
EXT_00165,8.7479,7.7347,6.6136,1,8.05
EXT_00167,7.5308,7.704,6.6136,0,6.96
EXT_00168,6.7583,6.6143,6.6136,0,6.82
EXT_00169,7.323,7.2153,6.6136,1,8.035
EXT_00170,5.0892,5.3178,6.6136,1,5.87
EXT_00171,5.7701,6.9201,6.6136,1,4.93
EXT_00172,5.7343,5.4848,6.6136,1,5.18
EXT_00173,6.2498,7.1323,6.6136,1,6.42
EXT_00174,7.5164,7.83,6.6136,1,5.93
EXT_00175,6.6377,6.664,6.6136,1,8.3
EXT_00176,6.9664,7.2504,6.6136,1,5.64
EXT_00177,6.9875,6.7531,6.6136,1,6.33
EXT_00178,7.5033,8.189,6.6136,1,8.76
EXT_00179,7.4077,7.3276,6.6136,1,7.045
EXT_00180,6.0498,2.7123,6.6136,1,5.575
EXT_00181,7.0829,7.3893,6.6136,1,7.53
EXT_00182,4.911,5.4133,6.6136,1,5.68
EXT_00183,7.3132,6.7276,6.6136,1,8.7
EXT_00184,7.507,7.8581,6.6136,1,9.4
EXT_00185,6.3891,6.8425,6.6136,0,7.51
EXT_00186,7.4209,9.8581,6.6136,1,6.935
EXT_00187,5.1583,4.3126,6.6136,1,6.79
EXT_00188,5.2364,5.1623,6.6136,1,5.84
EXT_00189,6.758,6.3983,6.6136,0,6.89
EXT_00190,7.3999,7.7157,6.6136,1,7.9
EXT_00191,6.8369,4.9973,6.6136,1,5.825
EXT_00192,5.168,3.7951,6.6136,1,6.48
EXT_00193,6.3576,5.6941,6.6136,1,5.75
EXT_00194,6.6767,6.9874,6.6136,0,6.84
EXT_00195,7.1934,6.799,6.6136,1,8.14
EXT_00196,5.1839,5.3705,6.6136,1,6.14
EXT_00197,5.0604,4.8496,6.6136,1,5.06
EXT_00198,7.2894,6.7758,6.6136,1,7.96
EXT_00199,6.9705,7.3593,6.6136,1,7.68
EXT_00200,5.1869,5.005,6.6136,1,5.44
EXT_00201,6.3309,6.3499,6.6136,1,6.34
EXT_00202,7.2749,6.3861,6.6136,1,6.805
EXT_00203,5.1779,4.8391,6.6136,1,4.89
EXT_00204,5.347,3.9194,6.6136,1,5.71
EXT_00205,6.9237,6.6921,6.6136,1,5.92
EXT_00206,6.9869,7.7724,6.6136,1,8.74
EXT_00207,6.6501,6.2659,6.6136,1,5.57
EXT_00208,7.2666,5.5103,6.6136,1,6.975
EXT_00209,7.2442,6.8723,6.6136,1,8.89
EXT_00210,7.2289,7.5306,6.6136,0,7.92
EXT_00211,7.2244,7.7065,6.6136,1,8.085
EXT_00212,7.2216,7.4258,6.6136,1,8.15
EXT_00213,5.5449,4.1311,6.6136,1,6.27
EXT_00214,5.6883,5.6499,6.6136,0,5.8
EXT_00215,7.3295,7.9771,6.6136,1,7.755
EXT_00216,7.0294,6.7543,6.6136,1,6.07
EXT_00217,5.3001,3.179,6.6136,0,4.46
EXT_00218,6.7147,5.7908,6.6136,0,8.625
EXT_00219,7.1098,6.0748,6.6136,1,6.255
EXT_00220,7.2421,7.1066,6.6136,1,7.405
EXT_00221,7.3641,7.0092,6.6136,1,7.43
EXT_00222,7.2483,5.6664,6.6136,0,8.375
EXT_00223,6.897,7.3684,6.6136,0,5.87
EXT_00224,6.8142,7.3134,6.6136,0,6.47
EXT_00226,6.5219,6.5106,6.6136,1,7.06
EXT_00227,7.2174,7.007,6.6136,0,7.38
EXT_00228,7.6304,7.6851,6.6136,1,7.81
EXT_00229,6.9536,7.0252,6.6136,1,7.98
EXT_00230,7.1673,6.3217,6.6136,1,7.49
EXT_00231,7.2229,7.5457,6.6136,1,7.92
EXT_00232,7.2229,7.5457,6.6136,1,7.85
EXT_00233,7.1091,5.833,6.6136,1,5.95
EXT_00234,7.5842,5.8629,6.6136,0,8.33
EXT_00235,7.6123,8.1818,6.6136,1,7.66
EXT_00236,5.022,4.9012,6.6136,1,6.14
EXT_00237,5.286,4.8238,6.6136,1,5.71
EXT_00238,5.5742,7.1674,6.6136,1,7.11
EXT_00239,7.2512,7.3665,6.6136,1,8.7
EXT_00240,5.3293,5.0095,6.6136,1,6.01
EXT_00241,7.3212,7.9167,6.6136,1,8.7
EXT_00242,7.3212,7.9167,6.6136,1,8.7
EXT_00243,7.2669,7.2098,6.6136,1,6.835
EXT_00244,7.9054,8.1201,6.6136,1,8.66
EXT_00245,6.2211,7.1256,6.6136,1,7.11
EXT_00246,6.2211,7.1256,6.6136,1,6.16
EXT_00247,7.5899,7.4437,6.6136,0,7.48
EXT_00248,5.9785,4.8688,6.6136,1,5.69
EXT_00249,6.6055,6.781,6.6136,1,8.49
EXT_00250,6.7936,6.2687,6.6136,1,7.92
EXT_00251,7.5078,8.6642,6.6136,1,8.615
EXT_00253,6.197,5.4863,6.6136,1,6.51
EXT_00254,7.2073,8.5301,6.6136,1,8.47
EXT_00255,7.2073,8.5301,6.6136,1,8.21
EXT_00256,7.2073,8.5301,6.6136,1,8.56
EXT_00257,7.3728,8.0965,6.6136,1,8.0
EXT_00258,6.1252,4.14,6.6136,1,5.345
EXT_00259,6.8669,6.8615,6.6136,0,6.75
EXT_00260,7.1236,6.7345,6.6136,1,8.73
EXT_00261,7.1252,7.451,6.6136,0,7.845
EXT_00262,7.1543,7.6896,6.6136,0,8.015
EXT_00263,6.5209,7.4177,6.6136,0,5.78
EXT_00264,6.9386,7.9195,6.6136,1,7.32
EXT_00265,7.3094,7.2047,6.6136,0,8.39
EXT_00266,7.3977,8.1179,6.6136,1,8.89
EXT_00267,7.3084,9.2411,6.6136,1,9.7
EXT_00268,7.3551,7.2198,6.6136,1,8.44
EXT_00269,7.0792,7.2221,6.6136,1,8.49
EXT_00270,7.2255,8.3412,6.6136,1,8.49
EXT_00271,7.446,6.9407,6.6136,1,7.85
EXT_00272,7.2235,6.5191,6.6136,1,5.825
EXT_00273,7.2235,6.5191,6.6136,1,5.94
EXT_00274,7.2664,7.8979,6.6136,1,7.24
EXT_00275,7.3031,6.1198,6.6136,1,7.92
EXT_00277,6.2437,6.0656,6.6136,1,4.075
EXT_00278,5.7878,6.1098,6.6136,1,6.84
EXT_00279,7.1531,7.9737,6.6136,1,8.06
EXT_00280,5.9531,5.5716,6.6136,1,7.09
EXT_00281,6.9755,7.4636,6.6136,1,7.43
EXT_00282,7.2838,7.389,6.6136,0,5.71
EXT_00283,6.5808,6.2559,6.6136,1,8.01
EXT_00284,6.7624,7.7782,6.6136,1,5.72
EXT_00285,7.2309,8.0134,6.6136,1,8.37
EXT_00286,7.2309,8.0134,6.6136,1,7.58
EXT_00287,8.1486,8.0522,6.6136,1,8.85
EXT_00288,7.4527,7.9025,6.6136,0,7.075
EXT_00290,6.491,5.8948,6.6136,1,5.43
EXT_00291,7.4574,8.1084,6.6136,1,7.43
EXT_00292,7.4574,8.1084,6.6136,1,7.66
EXT_00293,6.8611,6.3732,6.6136,0,5.5
EXT_00294,5.9172,7.1099,6.6136,1,7.14
EXT_00295,7.3831,7.2221,6.6136,1,8.05
EXT_00296,7.4252,7.9244,6.6136,1,7.77
EXT_00297,7.4345,7.4715,6.6136,0,7.15
EXT_00298,5.0471,5.0727,6.6136,1,5.23
EXT_00299,6.5941,6.1487,6.6136,1,7.25
EXT_00300,7.1375,5.7118,6.6136,1,8.4
EXT_00301,5.1409,5.0371,6.6136,1,6.61
EXT_00302,5.4214,5.5819,6.6136,1,4.82
EXT_00303,7.2534,5.4673,6.6136,1,7.45
EXT_00304,7.3737,8.8836,6.6136,1,7.33
EXT_00305,7.4174,7.6306,6.6136,0,7.645
EXT_00306,7.2626,7.5909,6.6136,1,7.31
EXT_00307,7.2626,7.5909,6.6136,1,7.31
EXT_00308,7.2626,7.5909,6.6136,1,7.07
EXT_00309,6.7318,7.3809,6.6136,0,5.56
EXT_00310,6.8214,6.2212,6.6136,1,5.8
EXT_00311,8.3671,7.7841,6.6136,0,9.0
EXT_00312,7.4676,7.5482,6.6136,1,8.155
EXT_00313,6.0644,6.4716,6.6136,1,10.85
EXT_00314,6.8578,8.3413,6.6136,1,6.74
EXT_00315,5.6675,6.0802,6.6136,1,8.2
EXT_00316,6.6529,6.6028,6.6136,1,8.05
EXT_00317,7.0255,6.7513,6.6136,0,7.175
EXT_00318,7.155,5.6662,6.6136,1,6.435
EXT_00319,7.4035,8.5388,6.6136,1,8.35
EXT_00320,7.4035,8.5388,6.6136,1,8.07
EXT_00321,5.2708,5.8169,6.6136,0,6.31
EXT_00322,7.1564,9.2591,6.6136,1,9.0
EXT_00323,7.7904,7.4622,6.6136,1,10.05
EXT_00324,6.7599,6.8139,6.6136,1,7.33
EXT_00325,7.0781,8.0568,6.6136,1,5.23
EXT_00326,7.4813,6.022,6.6136,1,7.94
EXT_00327,6.2635,6.415,6.6136,0,5.93
EXT_00328,5.2759,4.6536,6.6136,1,4.67
EXT_00329,7.313,6.5743,6.6136,1,7.575
EXT_00330,6.6973,4.7116,6.6136,1,5.64
EXT_00331,6.5484,8.3026,6.6136,1,6.42
EXT_00332,6.7133,5.0176,6.6136,1,7.42
EXT_00333,7.117,7.2314,6.6136,1,5.65
EXT_00334,3.9149,6.1925,6.6136,1,4.52
EXT_00335,7.8699,9.001,6.6136,0,7.82
EXT_00336,5.1966,4.8956,6.6136,1,5.425
EXT_00337,5.5407,6.1332,6.6136,1,5.79
EXT_00338,7.6826,8.6349,6.6136,0,7.89
EXT_00339,4.8377,4.7782,6.6136,1,4.47
EXT_00340,7.5612,6.9174,6.6136,1,7.575
EXT_00341,7.2151,5.512,6.6136,1,5.72
EXT_00342,5.7305,5.8667,6.6136,1,6.84
EXT_00343,5.3429,7.2513,6.6136,1,6.0
EXT_00344,6.4881,6.6783,6.6136,0,6.16
EXT_00345,7.3797,7.2618,6.6136,1,8.48
EXT_00346,5.4519,2.9277,6.6136,1,5.83
EXT_00347,5.243,4.4434,6.6136,1,5.57
EXT_00349,7.3048,7.0687,6.6136,0,7.58
EXT_00350,7.2828,6.3448,6.6136,1,6.15
EXT_00351,3.7989,4.5582,6.6136,0,5.8
EXT_00352,7.2929,7.1882,6.6136,1,8.78
EXT_00353,6.9848,7.6186,6.6136,1,7.51
EXT_00354,6.8934,7.3973,6.6136,1,6.67
EXT_00355,6.8934,7.3973,6.6136,1,8.47
EXT_00356,7.3686,7.9486,6.6136,1,8.32
EXT_00357,7.4564,7.4937,6.6136,1,7.72
EXT_00358,7.2454,6.9985,6.6136,0,7.36
EXT_00359,5.813,6.2216,6.6136,1,5.34
EXT_00360,8.4239,8.7317,6.6136,1,9.83
EXT_00361,5.0873,4.6588,6.6136,1,5.54
EXT_00362,6.7915,6.8881,6.6136,0,7.78
EXT_00363,7.1697,7.3282,6.6136,1,7.82
EXT_00364,7.1973,7.0996,6.6136,1,6.95
EXT_00365,7.1973,7.0996,6.6136,1,7.64
EXT_00366,7.1178,9.1383,6.6136,1,7.02
EXT_00367,7.1839,7.957,6.6136,1,7.32
EXT_00368,7.4278,8.6235,6.6136,1,7.21
EXT_00369,6.7266,7.1423,6.6136,1,7.61
EXT_00370,6.6491,7.3184,6.6136,1,7.885
EXT_00371,7.1012,7.2476,6.6136,1,6.99
EXT_00372,7.2015,5.3652,6.6136,1,5.83
EXT_00373,7.3047,7.988,6.6136,1,9.0
EXT_00375,6.2239,6.8145,6.6136,1,5.87
EXT_00376,4.4737,3.4346,6.6136,1,5.08
EXT_00377,6.5788,5.9737,6.6136,0,5.4
EXT_00378,6.2308,7.515,6.6136,1,4.64
EXT_00379,7.2632,6.5244,6.6136,1,6.565
EXT_00380,7.4489,7.4665,6.6136,0,7.81
EXT_00381,7.123,7.7797,6.6136,1,7.66
EXT_00382,7.1871,6.7664,6.6136,0,6.215
EXT_00383,7.2046,7.1396,6.6136,0,7.72
EXT_00384,7.2046,7.1396,6.6136,0,4.56
EXT_00385,4.72,4.5174,6.6136,1,5.61
EXT_00386,6.6246,7.3002,6.6136,1,8.15
EXT_00387,7.1309,9.121,6.6136,1,8.7
EXT_00388,7.3081,7.558,6.6136,1,9.135
EXT_00389,7.451,9.2234,6.6136,1,7.99
EXT_00390,7.0427,7.3752,6.6136,1,7.57
EXT_00391,6.2746,6.6781,6.6136,0,5.82
EXT_00392,6.9934,6.7361,6.6136,1,7.96
EXT_00393,8.6117,7.7436,6.6136,1,8.81
EXT_00394,5.5881,4.967,6.6136,1,5.2
EXT_00395,5.5101,5.5847,6.6136,1,7.82
EXT_00396,6.2273,5.4132,6.6136,1,4.47
EXT_00397,6.3231,6.9059,6.6136,0,6.92
EXT_00398,5.1307,4.6259,6.6136,1,6.56
EXT_00399,4.9082,4.9543,6.6136,1,5.17
EXT_00400,8.0502,7.6375,6.6136,1,8.5
EXT_00401,8.337,8.5362,6.6136,1,8.7
EXT_00402,7.012,7.2641,6.6136,1,6.9
EXT_00403,5.1371,4.6544,6.6136,1,6.6
EXT_00405,7.135,6.4083,6.6136,0,6.28
EXT_00406,5.2024,4.3967,6.6136,1,5.17
EXT_00407,8.1949,8.1769,6.6136,0,8.92
EXT_00408,7.1887,5.6909,6.6136,1,5.71
EXT_00409,4.9892,4.9306,6.6136,1,5.62
EXT_00410,6.8513,6.4255,6.6136,0,6.14
EXT_00411,7.2805,7.7036,6.6136,1,7.62
EXT_00412,6.835,6.253,6.6136,1,6.555
EXT_00413,5.5228,4.6157,6.6136,0,6.26
EXT_00414,4.995,5.2665,6.6136,1,5.17
EXT_00415,6.522,6.502,6.6136,1,8.52
EXT_00416,6.522,6.502,6.6136,1,8.15
EXT_00417,6.8776,6.3921,6.6136,0,6.76
EXT_00418,6.9524,7.2044,6.6136,0,6.85
EXT_00419,6.9859,6.4912,6.6136,1,7.78
EXT_00420,7.0501,6.4613,6.6136,1,7.92
EXT_00421,5.9716,6.6306,6.6136,0,6.455
EXT_00422,7.4132,6.6346,6.6136,1,8.46
EXT_00423,7.0186,6.1035,6.6136,1,6.515
EXT_00424,7.0186,6.1035,6.6136,1,6.86
EXT_00425,7.3714,6.1104,6.6136,1,7.345
EXT_00426,6.6745,6.4698,6.6136,0,6.65
EXT_00427,7.3694,7.6655,6.6136,1,8.15
EXT_00428,7.0258,7.5294,6.6136,1,7.31
EXT_00429,7.2827,7.5221,6.6136,1,7.92
EXT_00430,6.6385,6.2811,6.6136,0,6.5
EXT_00431,5.1926,5.2344,6.6136,1,5.73
EXT_00432,7.1493,7.1936,6.6136,1,7.57
EXT_00433,7.2853,7.3457,6.6136,1,7.37
EXT_00434,6.5357,6.7757,6.6136,1,5.08
EXT_00435,6.5187,8.3675,6.6136,1,4.28
EXT_00436,4.9551,5.1968,6.6136,1,5.36
EXT_00437,7.1949,7.2313,6.6136,1,7.2
EXT_00438,7.4843,6.7697,6.6136,1,8.13
EXT_00439,7.2616,7.6498,6.6136,1,9.13
EXT_00440,7.0008,7.7485,6.6136,1,7.29
EXT_00441,7.4452,6.9556,6.6136,1,7.165
EXT_00442,6.8377,7.1649,6.6136,1,8.085
EXT_00443,7.0383,7.324,6.6136,1,8.42
EXT_00444,7.0383,7.324,6.6136,1,5.92
EXT_00446,6.0481,5.8478,6.6136,1,8.235
EXT_00447,7.2559,6.3601,6.6136,1,7.17
EXT_00448,6.2885,7.4687,6.6136,1,5.52
EXT_00450,7.2665,6.4403,6.6136,1,8.37
EXT_00451,5.2087,4.9301,6.6136,1,7.01
EXT_00452,7.4702,6.9236,6.6136,1,7.16
EXT_00453,5.1515,4.5975,6.6136,1,5.8
EXT_00455,3.9118,3.3392,6.6136,1,6.52
EXT_00456,7.137,8.1652,6.6136,1,8.01
EXT_00457,7.6612,7.8815,6.6136,0,6.62
EXT_00458,4.7616,4.6873,6.6136,1,5.36
EXT_00459,6.5492,7.3182,6.6136,1,8.15
EXT_00460,4.7361,5.0808,6.6136,1,5.65
EXT_00461,7.4412,6.887,6.6136,1,8.52
EXT_00462,4.9668,4.7755,6.6136,1,4.48
EXT_00463,5.4924,3.7031,6.6136,1,5.79
EXT_00464,5.5161,3.8312,6.6136,1,8.18
EXT_00465,7.2206,7.7459,6.6136,1,9.73
EXT_00466,5.678,5.35,6.6136,0,7.6
EXT_00467,7.014,5.378,6.6136,1,6.09
EXT_00468,7.1682,5.9868,6.6136,1,6.565
EXT_00469,6.8089,6.9467,6.6136,1,5.0
EXT_00470,6.8506,7.4386,6.6136,1,8.54
EXT_00471,6.5718,6.8872,6.6136,1,8.57
EXT_00472,7.2585,8.0078,6.6136,1,7.76
EXT_00473,7.1987,8.3182,6.6136,1,6.745
EXT_00474,5.0814,4.2842,6.6136,1,6.01
EXT_00475,5.1386,5.6001,6.6136,1,4.89
EXT_00476,7.4083,7.4341,6.6136,0,8.05
EXT_00477,6.3017,7.1908,6.6136,1,5.68
EXT_00478,5.2344,5.4698,6.6136,1,6.22
EXT_00479,7.0792,7.3221,6.6136,0,7.97
EXT_00480,6.6563,5.9974,6.6136,0,8.13
EXT_00482,7.377,7.1906,6.6136,1,8.3
EXT_00483,7.2469,6.6194,6.6136,1,8.0
EXT_00484,7.207,8.0144,6.6136,1,7.24
EXT_00485,7.2795,7.9075,6.6136,1,8.87
EXT_00486,7.2153,8.8975,6.6136,1,7.865
EXT_00488,6.5725,6.702,6.6136,0,5.64
EXT_00489,6.8978,8.1999,6.6136,1,8.82
EXT_00490,7.565,6.2303,6.6136,1,7.31
EXT_00491,5.9207,6.3952,6.6136,1,4.87
EXT_00492,7.1457,8.1446,6.6136,1,8.41
EXT_00493,7.2192,8.6028,6.6136,1,8.305
EXT_00494,7.3391,7.3423,6.6136,1,6.765
EXT_00495,7.4791,5.6934,6.6136,1,7.63
EXT_00496,6.9206,6.7285,6.6136,1,6.66
EXT_00497,7.2574,4.9702,6.6136,1,6.73
EXT_00499,6.4737,5.6766,6.6136,1,6.635
EXT_00500,7.2645,6.7234,6.6136,1,8.05
EXT_00501,7.1515,7.3412,6.6136,1,7.77
EXT_00502,4.9638,3.4713,6.6136,1,5.55
EXT_00503,5.7655,4.9182,6.6136,1,5.885
EXT_00505,7.188,7.6122,6.6136,1,7.26
EXT_00506,7.5142,8.4692,6.6136,1,8.1
EXT_00507,7.0209,7.0071,6.6136,1,6.21
EXT_00508,7.2421,7.9819,6.6136,1,8.01
EXT_00510,7.2004,7.2535,6.6136,1,8.4
EXT_00511,5.3257,4.246,6.6136,0,5.7
EXT_00512,7.7972,7.7313,6.6136,1,8.7
EXT_00513,7.427,8.4516,6.6136,1,7.9
EXT_00514,5.0702,5.1503,6.6136,1,6.61
EXT_00515,5.3007,4.8956,6.6136,1,5.3
EXT_00516,7.3205,6.9764,6.6136,1,8.93
EXT_00517,7.3856,7.5403,6.6136,1,8.01
EXT_00518,7.2345,7.5335,6.6136,1,7.85
EXT_00519,6.4531,6.7087,6.6136,0,5.445
EXT_00520,7.6964,8.0489,6.6136,0,8.22
EXT_00521,7.0322,7.5907,6.6136,1,8.68
EXT_00522,6.9919,6.9966,6.6136,0,7.25
EXT_00523,7.1748,6.9734,6.6136,1,6.89
EXT_00524,7.1497,5.8731,6.6136,1,7.35
EXT_00525,6.0601,6.4863,6.6136,0,5.82
EXT_00526,4.6438,4.6744,6.6136,1,6.29
EXT_00527,6.5197,8.3237,6.6136,1,5.72
EXT_00528,7.5669,7.8024,6.6136,0,7.59
EXT_00529,5.9606,5.4513,6.6136,0,5.68
EXT_00530,7.397,8.4146,6.6136,1,9.1
EXT_00531,7.397,8.4146,6.6136,1,9.23
EXT_00532,7.3601,6.9612,6.6136,1,7.78
EXT_00533,5.154,4.9809,6.6136,1,5.62
EXT_00534,6.3002,6.3227,6.6136,0,7.62
EXT_00535,6.0125,4.3585,6.6136,1,5.785
EXT_00536,6.2559,8.6883,6.6136,1,4.79
EXT_00537,6.9462,6.5404,6.6136,1,8.3
EXT_00538,7.2218,6.785,6.6136,1,6.5
EXT_00539,8.1078,8.185,6.6136,1,7.3
EXT_00541,8.1172,8.3317,6.6136,1,9.23
EXT_00542,7.4634,7.3908,6.6136,1,8.105
EXT_00543,6.9112,7.5623,6.6136,1,7.95
EXT_00544,4.7624,4.6129,6.6136,0,5.54
EXT_00545,7.5897,8.1163,6.6136,1,7.62
EXT_00546,5.4862,3.8015,6.6136,1,5.74
EXT_00547,7.1547,8.4048,6.6136,1,7.92
EXT_00548,7.3726,7.5697,6.6136,1,9.07
EXT_00549,9.0595,8.2479,6.6136,1,9.05
EXT_00550,7.0806,7.9124,6.6136,1,8.1
EXT_00551,7.0739,7.3268,6.6136,0,4.96
EXT_00552,7.0127,8.419,6.6136,1,7.78
EXT_00553,6.8119,5.2491,6.6136,1,8.42
EXT_00554,6.734,6.2403,6.6136,1,8.4
EXT_00557,3.9867,4.6625,6.6136,0,5.12
EXT_00558,6.9751,7.0241,6.6136,1,7.335
EXT_00559,7.4044,6.7948,6.6136,1,7.745
EXT_00560,7.8059,8.0137,6.6136,1,9.4
EXT_00561,7.4464,8.036,6.6136,1,8.24
EXT_00563,7.2443,7.4922,6.6136,0,7.905
EXT_00564,7.5278,8.1299,6.6136,1,8.22
EXT_00565,7.2837,7.443,6.6136,1,6.565
EXT_00566,7.207,8.0748,6.6136,1,9.16
EXT_00567,7.207,8.0748,6.6136,1,9.4
EXT_00568,7.1814,7.596,6.6136,1,7.73
EXT_00569,7.6201,7.5599,6.6136,0,7.8
EXT_00570,5.2282,5.2628,6.6136,1,5.01
EXT_00571,7.3026,6.9991,6.6136,0,7.85
EXT_00572,5.1522,4.2877,6.6136,1,6.08
EXT_00573,4.6274,5.1204,6.6136,0,6.28
EXT_00574,7.5482,6.6321,6.6136,1,7.62
EXT_00575,5.4101,3.5345,6.6136,1,6.13
EXT_00576,7.3542,7.7855,6.6136,0,7.94
EXT_00577,6.9479,6.1837,6.6136,0,4.66
EXT_00578,7.1039,6.2485,6.6136,1,5.02
EXT_00579,7.4799,8.0454,6.6136,0,8.675
EXT_00580,7.7138,8.0093,6.6136,1,8.54
EXT_00581,7.7595,7.214,6.6136,1,6.57
EXT_00582,5.0035,4.2491,6.6136,1,4.12
EXT_00583,7.7053,8.0402,6.6136,1,8.37
EXT_00584,7.5777,6.8722,6.6136,0,8.455
EXT_00585,7.3572,7.3317,6.6136,1,6.91
EXT_00586,7.6446,8.576,6.6136,0,7.47
EXT_00587,7.2512,7.6317,6.6136,1,8.52
EXT_00588,7.2512,7.6317,6.6136,1,7.96
EXT_00589,5.5261,5.3595,6.6136,1,5.6
EXT_00590,7.4052,8.0218,6.6136,0,7.63
EXT_00591,7.351,7.2359,6.6136,1,7.44
EXT_00592,5.4215,5.3507,6.6136,1,5.35
EXT_00593,7.6531,7.5524,6.6136,1,8.33
EXT_00594,5.2894,5.1996,6.6136,1,5.77
EXT_00595,7.3228,7.9537,6.6136,1,7.54
EXT_00596,7.1957,6.7548,6.6136,1,9.0
EXT_00597,7.1957,6.7548,6.6136,1,8.7
EXT_00598,8.8697,9.1797,6.6136,0,8.52
EXT_00599,7.0328,6.7948,6.6136,1,8.67
EXT_00600,5.3733,5.9612,6.6136,1,4.06
EXT_00601,7.3219,7.2451,6.6136,1,6.855
EXT_00602,5.5809,5.1908,6.6136,0,4.69
EXT_00603,6.4907,6.5819,6.6136,0,7.15
EXT_00604,7.4601,7.3203,6.6136,1,7.8
EXT_00605,6.6978,6.7021,6.6136,0,8.47
EXT_00606,4.8108,4.4287,6.6136,1,6.845
EXT_00607,5.3674,5.5269,6.6136,1,7.74
EXT_00608,6.9298,7.6357,6.6136,1,8.7
EXT_00610,7.2367,7.1708,6.6136,1,8.115
EXT_00611,7.0933,6.3317,6.6136,1,6.955
EXT_00612,5.5688,4.5509,6.6136,1,5.07
EXT_00613,5.9247,3.1325,6.6136,1,5.465
EXT_00614,7.5478,6.6127,6.6136,1,8.35
EXT_00615,6.296,6.2606,6.6136,1,7.9
EXT_00616,4.2287,3.5022,6.6136,1,4.11
EXT_00617,7.2023,7.7071,6.6136,1,7.64
EXT_00619,6.5894,5.4356,6.6136,1,7.32
EXT_00620,7.0951,5.1734,6.6136,1,5.8
EXT_00621,7.35,7.6682,6.6136,1,7.82
EXT_00622,7.3582,8.1191,6.6136,0,9.545
EXT_00623,7.3027,8.3695,6.6136,0,7.63
EXT_00624,5.1467,6.3648,6.6136,1,4.6
EXT_00625,7.5846,7.7567,6.6136,1,8.77
EXT_00626,7.4297,7.2461,6.6136,1,8.49
EXT_00627,8.1725,8.6644,6.6136,0,8.98
EXT_00628,7.518,7.282,6.6136,1,7.8
EXT_00629,6.9528,7.8546,6.6136,1,8.38
EXT_00630,7.2015,6.6716,6.6136,0,6.42
EXT_00631,7.2323,7.65,6.6136,1,6.68
EXT_00632,7.0395,7.9665,6.6136,1,5.47
EXT_00633,7.3711,8.0218,6.6136,1,8.37
EXT_00634,7.4972,7.3851,6.6136,1,8.25
EXT_00635,5.0752,5.8178,6.6136,1,5.29
EXT_00636,7.4791,7.6419,6.6136,1,7.54
EXT_00637,7.3853,7.0233,6.6136,0,5.35
EXT_00638,7.6064,8.0751,6.6136,1,8.43
EXT_00639,6.086,7.4055,6.6136,1,8.72
EXT_00640,7.3308,6.5967,6.6136,1,8.095
EXT_00641,7.3222,7.7485,6.6136,1,8.09
EXT_00642,5.8616,4.8805,6.6136,1,7.88
EXT_00643,7.3756,6.8507,6.6136,1,8.22
EXT_00644,7.6355,8.1679,6.6136,1,9.22
EXT_00645,5.1856,4.6604,6.6136,1,5.68
EXT_00646,6.8273,7.9176,6.6136,1,6.72
EXT_00647,4.1529,4.3936,6.6136,0,7.46
EXT_00648,6.1253,3.9894,6.6136,1,6.79
EXT_00649,6.8639,6.8857,6.6136,1,7.54
EXT_00650,7.2694,7.0846,6.6136,1,6.62
EXT_00651,5.4087,4.537,6.6136,1,5.62
EXT_00652,7.2718,8.3274,6.6136,0,8.82
EXT_00653,7.3509,8.4157,6.6136,1,8.81
EXT_00654,7.286,7.3853,6.6136,0,8.0
EXT_00655,8.264,8.4547,6.6136,1,9.0
EXT_00656,7.4944,8.6403,6.6136,1,8.85
EXT_00657,4.8238,4.307,6.6136,1,5.41
EXT_00658,6.9089,7.7543,6.6136,1,8.15
EXT_00659,6.5342,6.743,6.6136,1,4.9
EXT_00660,5.4781,3.9542,6.6136,1,6.59
EXT_00661,5.4446,2.5668,6.6136,1,6.04
EXT_00662,7.2442,7.5615,6.6136,1,8.6
EXT_00663,6.8207,7.2461,6.6136,1,7.8
EXT_00664,7.5689,7.6263,6.6136,0,8.1
EXT_00665,7.1845,5.8482,6.6136,1,6.865
EXT_00666,7.1487,6.0348,6.6136,1,7.96
EXT_00667,5.0761,4.2439,6.6136,1,5.65
EXT_00668,5.1035,4.2456,6.6136,1,6.19
EXT_00669,5.0779,4.1781,6.6136,1,6.66
EXT_00670,7.273,7.1776,6.6136,1,6.33
EXT_00671,4.9265,4.8649,6.6136,1,5.88
EXT_00674,7.4047,6.3684,6.6136,0,8.0
EXT_00675,7.473,7.1797,6.6136,0,7.65
EXT_00676,7.7307,7.7684,6.6136,0,8.21
EXT_00677,7.5744,7.5264,6.6136,0,8.15
EXT_00678,7.4111,7.5543,6.6136,1,8.075
EXT_00679,7.1805,7.1542,6.6136,0,7.49
EXT_00680,7.6197,7.0164,6.6136,1,7.505
EXT_00681,6.3522,6.2706,6.6136,1,6.66
EXT_00682,7.4739,6.7936,6.6136,1,8.26
EXT_00683,7.4888,7.6336,6.6136,1,8.52
EXT_00684,5.598,5.6225,6.6136,1,7.81
EXT_00685,7.0643,7.6638,6.6136,1,7.6
EXT_00686,7.3318,7.6479,6.6136,1,8.7
EXT_00687,7.4874,8.3684,6.6136,0,8.29
EXT_00688,5.4256,4.9215,6.6136,1,8.68
EXT_00689,7.0496,7.5256,6.6136,1,8.57
EXT_00690,7.9496,7.676,6.6136,0,7.55
EXT_00691,7.1058,6.6366,6.6136,0,7.87
EXT_00692,6.9936,7.564,6.6136,1,8.52
EXT_00693,7.0813,7.6426,6.6136,1,8.66
EXT_00694,7.5308,6.7004,6.6136,1,8.3
EXT_00695,7.43,7.2388,6.6136,1,7.33
EXT_00696,7.5022,6.9655,6.6136,1,7.5
EXT_00697,5.459,4.9352,6.6136,1,5.41
EXT_00698,6.8253,6.6278,6.6136,0,5.67
EXT_00699,5.0601,3.7431,6.6136,1,5.725
EXT_00700,7.0394,8.1571,6.6136,1,6.53
EXT_00701,5.2754,4.8934,6.6136,1,5.69
EXT_00702,5.4984,5.9681,6.6136,1,5.82
EXT_00703,6.4933,7.416,6.6136,1,5.99
EXT_00704,6.6236,7.208,6.6136,1,7.27
EXT_00705,7.3583,8.4131,6.6136,1,9.0
EXT_00706,7.3583,8.4131,6.6136,1,9.0
EXT_00707,6.5101,6.126,6.6136,1,6.68
EXT_00708,5.074,4.1378,6.6136,1,4.77
EXT_00709,7.3743,6.2395,6.6136,1,7.56
EXT_00710,7.1625,7.2634,6.6136,1,8.08
EXT_00711,7.2013,7.5372,6.6136,1,8.085
EXT_00712,7.0522,7.3185,6.6136,1,6.21
EXT_00713,7.4724,7.069,6.6136,1,7.96
EXT_00714,7.3715,8.6622,6.6136,1,7.95
EXT_00715,7.3006,7.7824,6.6136,1,8.7
EXT_00716,5.7765,5.3188,6.6136,1,5.725
EXT_00717,5.1422,4.4634,6.6136,1,4.95
EXT_00718,7.1453,7.6158,6.6136,1,7.96
EXT_00719,7.4365,7.9402,6.6136,1,8.41
EXT_00720,6.5878,3.8999,6.6136,1,7.11
EXT_00722,6.103,6.5129,6.6136,1,6.58
EXT_00723,7.1827,7.8716,6.6136,1,7.06
EXT_00724,5.1574,4.4576,6.6136,1,6.56
EXT_00725,7.5373,8.1572,6.6136,0,7.21
EXT_00727,4.9871,3.9652,6.6136,1,5.0
EXT_00728,6.9187,7.9551,6.6136,1,6.89
EXT_00729,7.1069,6.6157,6.6136,1,6.66
EXT_00730,5.0978,4.6767,6.6136,1,6.37
EXT_00731,5.3298,5.7369,6.6136,1,6.14
EXT_00732,7.3129,7.0778,6.6136,0,7.6
EXT_00734,5.2371,5.7308,6.6136,0,7.65
EXT_00735,7.468,8.2121,6.6136,1,6.82
EXT_00736,7.9216,7.553,6.6136,0,8.17
EXT_00737,6.466,7.2195,6.6136,1,6.04
EXT_00738,7.1391,7.2843,6.6136,1,7.51
EXT_00739,6.2748,6.8075,6.6136,0,5.92
EXT_00740,5.1763,7.0005,6.6136,1,4.87
EXT_00741,6.9615,6.6746,6.6136,1,7.93
EXT_00742,6.9615,6.6746,6.6136,1,6.3
EXT_00743,7.4404,6.9348,6.6136,1,6.975
EXT_00744,7.3789,8.1102,6.6136,1,9.29
EXT_00745,7.3789,8.1102,6.6136,1,9.29
EXT_00746,6.7958,6.4289,6.6136,1,6.76
EXT_00747,5.5237,4.1918,6.6136,1,5.96
EXT_00748,7.3005,6.2385,6.6136,1,7.39
EXT_00749,5.3321,5.0932,6.6136,1,5.52
EXT_00750,7.8749,7.8678,6.6136,0,8.1
EXT_00751,5.4653,4.9927,6.6136,1,4.96
EXT_00752,6.5373,5.8562,6.6136,1,7.55
EXT_00754,7.3263,6.9657,6.6136,1,8.4
EXT_00755,7.4028,7.1385,6.6136,1,7.59
EXT_00756,5.331,6.073,6.6136,1,5.85
EXT_00757,5.2197,5.0018,6.6136,1,5.29
EXT_00758,7.2388,6.0692,6.6136,1,7.095
EXT_00759,7.3218,6.853,6.6136,1,6.26
EXT_00760,7.3063,7.2366,6.6136,1,8.06
EXT_00761,7.1935,6.5432,6.6136,0,6.52
EXT_00762,7.1361,6.9271,6.6136,1,8.76
EXT_00764,7.3452,8.3576,6.6136,1,8.12
EXT_00765,7.0518,7.6463,6.6136,1,8.785
EXT_00766,5.2462,4.4874,6.6136,0,4.83
EXT_00767,7.5705,8.4295,6.6136,1,8.27
EXT_00768,7.3508,8.1247,6.6136,1,9.46
EXT_00770,7.2013,7.3983,6.6136,1,7.94
EXT_00771,6.6102,8.2424,6.6136,1,8.96
EXT_00772,6.6102,8.2424,6.6136,1,9.05
EXT_00773,7.1474,6.443,6.6136,1,8.44
EXT_00774,5.9736,5.7878,6.6136,1,5.57
EXT_00775,7.6986,8.6711,6.6136,1,7.94
EXT_00776,5.4276,4.0318,6.6136,1,6.16
EXT_00777,7.3271,4.8359,6.6136,1,6.175
EXT_00778,7.0359,8.0466,6.6136,1,8.92
EXT_00780,7.4976,8.2893,6.6136,1,8.835
EXT_00781,7.4981,6.8199,6.6136,1,8.03
EXT_00782,7.3372,6.3218,6.6136,1,9.22
EXT_00783,6.4279,6.2086,6.6136,0,6.92
EXT_00786,7.3046,7.3413,6.6136,1,7.6
EXT_00787,4.9852,5.2179,6.6136,1,5.39
EXT_00788,7.3116,7.7321,6.6136,1,7.12
EXT_00789,6.902,8.3061,6.6136,1,7.24
EXT_00790,5.3787,5.5262,6.6136,0,4.61
EXT_00791,7.344,7.7998,6.6136,1,8.52
EXT_00792,6.6164,6.5868,6.6136,1,9.0
EXT_00793,5.3757,5.5394,6.6136,1,5.05
EXT_00797,7.2756,7.0238,6.6136,0,5.78
EXT_00798,6.3183,6.0894,6.6136,1,8.265
EXT_00799,7.148,7.7282,6.6136,1,6.23
EXT_00800,5.3242,5.2417,6.6136,1,5.83
EXT_00801,6.2076,7.4681,6.6136,1,4.81
EXT_00802,6.8169,6.7793,6.6136,1,6.3
EXT_00803,6.9682,6.9796,6.6136,1,7.85
EXT_00804,7.2235,6.6628,6.6136,1,6.99
EXT_00805,6.2051,5.7426,6.6136,1,7.6
EXT_00806,6.0098,4.4712,6.6136,1,4.94
EXT_00807,7.2754,7.9874,6.6136,0,7.8
EXT_00808,7.2754,7.9874,6.6136,0,7.8
EXT_00809,7.7274,7.4312,6.6136,1,8.76
EXT_00810,6.9531,6.7609,6.6136,1,8.58
EXT_00811,6.9845,6.7075,6.6136,1,8.475
EXT_00812,7.6854,7.4556,6.6136,1,8.6
EXT_00813,5.5632,5.86,6.6136,1,6.03
EXT_00814,6.0785,3.4623,6.6136,1,5.485
EXT_00815,5.2356,5.3436,6.6136,1,5.74
EXT_00816,7.5546,7.806,6.6136,0,7.21
EXT_00817,7.0347,6.3245,6.6136,1,5.21
EXT_00818,6.8622,8.723,6.6136,1,7.61
EXT_00819,4.9568,5.3082,6.6136,1,4.54
EXT_00820,8.0042,7.1187,6.6136,1,8.7
EXT_00821,6.6868,7.0731,6.6136,0,7.31
EXT_00822,7.5295,7.948,6.6136,1,7.445
EXT_00823,5.2945,5.0903,6.6136,1,4.03
EXT_00824,7.2799,8.668,6.6136,1,8.47
EXT_00825,7.3706,5.9723,6.6136,1,7.27
EXT_00826,7.3145,7.489,6.6136,0,7.51
EXT_00827,5.3194,4.6624,6.6136,1,6.41
EXT_00828,5.4589,4.296,6.6136,1,5.88
EXT_00829,5.2714,4.5259,6.6136,1,5.12
EXT_00831,6.7811,6.917,6.6136,0,6.75
EXT_00832,6.7068,7.069,6.6136,1,7.16
EXT_00833,7.1759,7.6804,6.6136,0,8.76
EXT_00834,6.7215,7.366,6.6136,0,7.4
EXT_00835,7.7115,8.0963,6.6136,1,6.855
EXT_00836,7.7115,8.0963,6.6136,1,8.55
EXT_00837,6.557,7.4784,6.6136,1,5.95
EXT_00838,5.1553,4.4731,6.6136,1,4.92
EXT_00839,7.4486,7.8459,6.6136,0,7.08
EXT_00840,7.5091,8.7043,6.6136,1,6.79
EXT_00841,5.0778,4.8338,6.6136,1,6.6
EXT_00842,7.2435,7.3512,6.6136,1,8.15
EXT_00843,7.3167,8.0887,6.6136,1,9.0
EXT_00844,5.7191,4.6593,6.6136,1,6.08
EXT_00845,5.9398,5.9618,6.6136,1,5.08
EXT_00846,7.3299,7.872,6.6136,1,8.68
EXT_00848,5.2155,5.4851,6.6136,1,5.27
EXT_00849,6.4258,4.5388,6.6136,1,5.68
EXT_00850,7.3038,6.862,6.6136,1,7.115
EXT_00852,7.1237,7.2721,6.6136,1,7.02
EXT_00853,7.0522,7.7483,6.6136,1,7.52
EXT_00854,7.9758,8.1995,6.6136,1,8.3
EXT_00855,5.5011,6.3027,6.6136,0,5.63
EXT_00856,6.1261,6.325,6.6136,1,7.77
EXT_00858,7.1077,6.2423,6.6136,1,6.1
EXT_00859,6.5245,7.234,6.6136,0,5.85
EXT_00860,7.2339,8.3503,6.6136,0,8.215
EXT_00861,6.743,6.3221,6.6136,0,7.14
EXT_00862,6.4678,6.6964,6.6136,1,6.37
EXT_00863,6.9465,8.0876,6.6136,1,6.67
EXT_00864,7.2635,7.4622,6.6136,1,8.01
EXT_00865,6.9674,5.6501,6.6136,1,5.8
EXT_00867,6.6652,6.6559,6.6136,0,4.45
EXT_00869,6.6652,6.6559,6.6136,0,5.59
EXT_00871,6.6652,6.6559,6.6136,0,7.85
EXT_00872,6.6652,6.6559,6.6136,0,8.0
EXT_00874,6.7432,7.4187,6.6136,1,6.08
EXT_00875,7.3536,8.0287,6.6136,1,8.8
EXT_00877,6.8047,6.1544,6.6136,1,6.94
EXT_00878,7.0318,8.3155,6.6136,1,6.2
EXT_00880,6.1063,5.8171,6.6136,1,4.03
EXT_00881,7.1716,6.9621,6.6136,0,6.47
EXT_00882,7.2139,7.9926,6.6136,0,8.07
EXT_00883,7.2524,8.4829,6.6136,1,7.8
EXT_00884,7.114,7.4815,6.6136,1,7.59
EXT_00885,4.6632,4.5986,6.6136,1,5.49
EXT_00886,4.9492,5.1788,6.6136,1,6.32
EXT_00887,7.291,8.0376,6.6136,1,8.23
EXT_00888,5.1851,5.2426,6.6136,0,5.25
EXT_00889,7.2035,7.963,6.6136,1,8.55
EXT_00890,6.9982,6.5841,6.6136,1,8.43
EXT_00891,7.7112,8.3968,6.6136,1,7.49
EXT_00892,6.8845,6.1941,6.6136,0,6.91
EXT_00893,6.8845,6.1941,6.6136,0,7.04
EXT_00894,7.2981,7.9478,6.6136,0,8.55
EXT_00895,7.1546,6.5107,6.6136,0,6.15
EXT_00896,6.656,6.7228,6.6136,1,5.14
EXT_00897,5.4587,5.2163,6.6136,1,5.0
EXT_00898,7.412,7.0249,6.6136,1,7.31
EXT_00899,7.0553,6.3174,6.6136,1,6.14
EXT_00900,7.1752,7.6236,6.6136,1,7.27
EXT_00901,7.5937,7.6246,6.6136,0,7.85
EXT_00902,6.7523,7.8783,6.6136,1,6.08
EXT_00903,7.1892,7.974,6.6136,1,8.59
EXT_00904,7.1316,6.2736,6.6136,1,5.15
EXT_00905,5.1189,4.88,6.6136,1,4.3
EXT_00906,5.2481,3.9576,6.6136,1,9.32
EXT_00909,7.8983,7.6862,6.6136,0,7.65
EXT_00910,7.1047,6.2667,6.6136,1,5.29
EXT_00911,7.6747,7.792,6.6136,1,8.28
EXT_00912,5.2138,4.703,6.6136,1,6.04
EXT_00913,8.757,8.093,6.6136,1,6.97
EXT_00914,6.6901,6.8089,6.6136,0,6.86
EXT_00915,7.5921,7.6018,6.6136,1,6.45
EXT_00916,7.5921,7.6018,6.6136,1,8.09
EXT_00917,7.7137,8.4484,6.6136,1,7.83
EXT_00918,7.4248,7.5162,6.6136,1,8.15
EXT_00921,7.88,8.4283,6.6136,1,9.4
EXT_00922,5.1998,5.2833,6.6136,1,4.42
EXT_00924,5.8246,6.4295,6.6136,1,5.75
EXT_00925,5.2126,6.3974,6.6136,1,4.48
EXT_00926,5.2115,4.2064,6.6136,1,6.18
EXT_00927,7.3972,8.7475,6.6136,1,7.645
EXT_00928,7.566,7.17,6.6136,1,8.92
EXT_00929,7.0941,5.8634,6.6136,1,5.96
EXT_00930,7.1746,7.2669,6.6136,1,6.95
EXT_00931,4.7376,5.6335,6.6136,1,6.31
EXT_00932,6.2898,6.722,6.6136,1,7.58
EXT_00933,7.3468,7.2045,6.6136,0,7.415
EXT_00934,6.444,6.4239,6.6136,1,6.675
EXT_00935,7.5945,8.7547,6.6136,1,9.46
EXT_00936,5.0303,5.347,6.6136,1,4.76
EXT_00937,7.2405,7.0912,6.6136,1,6.43
EXT_00938,8.5738,8.0469,6.6136,1,8.57
EXT_00939,6.9719,6.7049,6.6136,1,7.82
EXT_00940,6.6502,5.9958,6.6136,1,6.115
EXT_00941,6.7803,6.8271,6.6136,1,5.7
EXT_00942,6.8287,7.8911,6.6136,1,5.64
EXT_00943,7.2279,7.6441,6.6136,1,7.68
EXT_00944,7.3285,7.3796,6.6136,0,7.16
EXT_00945,7.2358,6.6666,6.6136,1,7.525
EXT_00949,7.7837,6.5642,6.6136,1,8.225
EXT_00950,7.7245,7.4308,6.6136,1,6.74
EXT_00951,7.5996,6.0628,6.6136,1,5.9
EXT_00952,5.5417,5.9313,6.6136,0,6.47
EXT_00953,7.3329,7.8474,6.6136,1,7.715
EXT_00954,7.3112,6.5973,6.6136,0,6.84
EXT_00955,5.2848,3.5898,6.6136,1,9.21
EXT_00956,5.6709,6.5023,6.6136,1,4.38
EXT_00957,7.313,7.5627,6.6136,1,7.64
EXT_00958,7.056,7.4483,6.6136,1,7.675
EXT_00959,7.436,7.9667,6.6136,1,8.07
EXT_00960,7.2468,7.3118,6.6136,1,8.07
EXT_00961,7.0659,7.5536,6.6136,1,8.96
EXT_00962,5.3533,5.1945,6.6136,1,5.78
EXT_00963,8.126,7.6482,6.6136,1,8.7
EXT_00964,8.7376,8.1507,6.6136,1,7.65
EXT_00965,6.9894,6.2903,6.6136,1,5.5
EXT_00966,4.9373,5.7576,6.6136,1,4.51
EXT_00967,6.7211,6.7096,6.6136,0,7.13
EXT_00968,5.0063,4.2272,6.6136,1,4.01
EXT_00969,6.4185,6.2924,6.6136,0,6.26
EXT_00970,6.9076,7.4832,6.6136,1,7.6
EXT_00971,5.7572,6.3922,6.6136,1,7.51
EXT_00972,7.3967,6.2608,6.6136,1,8.075
EXT_00973,5.3395,7.1917,6.6136,1,4.8
EXT_00974,5.6934,4.7806,6.6136,1,6.9
EXT_00975,7.0635,5.4168,6.6136,1,8.085
EXT_00976,7.3065,7.7936,6.6136,1,8.48
EXT_00977,7.13,7.8041,6.6136,1,6.1
EXT_00978,6.2773,6.0847,6.6136,1,6.48
EXT_00979,7.0078,6.1077,6.6136,1,7.54
EXT_00980,6.305,3.8653,6.6136,1,5.23
EXT_00981,5.6736,6.3024,6.6136,1,7.74
EXT_00982,7.285,8.2248,6.6136,1,9.28
EXT_00983,5.1688,4.0444,6.6136,1,5.67
EXT_00984,7.0059,6.2852,6.6136,1,6.71
EXT_00985,7.2663,8.231,6.6136,1,9.02
EXT_00986,5.4786,5.0907,6.6136,1,4.94
EXT_00988,6.8337,6.5339,6.6136,1,5.98
EXT_00989,6.0194,5.0862,6.6136,0,5.19
EXT_00990,6.1679,6.4316,6.6136,0,5.43
EXT_00991,4.759,5.1444,6.6136,1,4.7
EXT_00992,6.5279,6.8084,6.6136,1,5.14
EXT_00993,7.3606,8.1735,6.6136,1,6.13
EXT_00994,6.9524,7.3792,6.6136,1,7.96
EXT_00995,7.5038,7.8668,6.6136,1,8.72
EXT_00996,5.5834,5.6348,6.6136,0,4.7
EXT_00997,5.5834,5.6348,6.6136,0,5.09
EXT_00998,5.5834,5.6348,6.6136,0,4.18
EXT_00999,5.5834,5.6348,6.6136,0,5.99
EXT_01000,5.5834,5.6348,6.6136,0,5.86
EXT_01001,8.0805,8.4886,6.6136,1,9.0
EXT_01002,8.0805,8.4886,6.6136,1,9.0
EXT_01003,7.309,7.2005,6.6136,1,8.72
EXT_01004,7.177,6.9619,6.6136,0,6.43
EXT_01005,7.3745,5.9701,6.6136,1,8.52
EXT_01006,6.2561,6.2884,6.6136,1,5.845
EXT_01007,6.4998,6.0031,6.6136,1,6.635
EXT_01008,7.1658,8.2049,6.6136,1,6.64
EXT_01009,4.9573,4.651,6.6136,1,6.37
EXT_01010,7.2591,8.057,6.6136,0,7.835
EXT_01011,7.3562,6.6563,6.6136,1,6.77
EXT_01012,7.1398,7.4911,6.6136,1,7.945
EXT_01013,7.2842,7.4303,6.6136,1,6.865
EXT_01014,4.9685,5.2681,6.6136,1,5.04
EXT_01015,6.3969,6.3366,6.6136,1,7.03
EXT_01017,7.3453,5.8833,6.6136,1,6.805
EXT_01018,6.9222,6.7583,6.6136,1,5.52
EXT_01019,6.4836,6.7831,6.6136,1,4.62
EXT_01020,7.3898,6.4867,6.6136,1,7.34
EXT_01021,6.0209,6.6552,6.6136,1,7.32
EXT_01022,6.4777,7.6193,6.6136,1,7.92
EXT_01023,7.5275,7.8113,6.6136,1,6.73
EXT_01024,7.3901,8.314,6.6136,1,9.1
EXT_01025,4.9908,4.1873,6.6136,1,6.61
EXT_01026,7.3567,7.7669,6.6136,1,8.51
EXT_01027,5.1862,5.5049,6.6136,1,5.42
EXT_01028,7.7064,8.7615,6.6136,0,7.825
EXT_01029,7.2262,6.5964,6.6136,1,7.85
EXT_01030,3.8732,3.278,6.6136,1,4.3
EXT_01031,6.9403,7.6002,6.6136,0,7.475
EXT_01032,6.0031,5.4845,6.6136,1,5.8
EXT_01033,7.5653,7.307,6.6136,0,8.4
EXT_01034,7.1204,5.8602,6.6136,1,6.805
EXT_01036,6.177,5.6472,6.6136,1,4.21
EXT_01037,7.3321,6.7799,6.6136,0,7.94
EXT_01038,7.4706,8.1419,6.6136,1,9.52
EXT_01039,7.2544,7.9138,6.6136,1,8.96
EXT_01041,4.9825,4.8245,6.6136,1,5.7
EXT_01042,4.5365,4.7195,6.6136,0,5.35
EXT_01043,7.9042,7.9176,6.6136,0,7.66
EXT_01044,5.3019,4.6771,6.6136,1,4.85
EXT_01045,7.2356,6.9055,6.6136,1,5.87
EXT_01046,6.1509,6.766,6.6136,1,4.475
EXT_01047,5.1711,5.4686,6.6136,1,5.82
EXT_01048,7.6405,7.4916,6.6136,0,7.51
EXT_01049,7.2439,7.532,6.6136,1,8.68
EXT_01050,7.2439,7.532,6.6136,1,8.62
EXT_01051,5.2876,4.3028,6.6136,1,4.97
EXT_01052,6.8878,5.3031,6.6136,1,5.43
EXT_01053,7.2985,8.7378,6.6136,1,6.735
EXT_01054,5.3102,3.9308,6.6136,1,4.02
EXT_01055,5.2742,5.2496,6.6136,1,5.25
EXT_01056,5.1273,4.8824,6.6136,1,5.88
EXT_01057,7.3786,7.6553,6.6136,0,7.0
EXT_01058,7.3786,7.6553,6.6136,0,8.3
EXT_01059,7.4305,6.8221,6.6136,0,7.72
EXT_01060,7.6503,7.7424,6.6136,0,7.68
EXT_01062,7.6437,8.2939,6.6136,1,8.77
EXT_01063,5.5898,5.0212,6.6136,1,4.94
EXT_01066,7.2961,8.1532,6.6136,1,7.89
EXT_01067,7.3436,7.8744,6.6136,1,7.42
EXT_01068,7.2282,6.9746,6.6136,0,7.87
EXT_01069,7.6479,6.4743,6.6136,1,8.05
EXT_01070,5.7495,6.1699,6.6136,1,5.96
EXT_01071,5.7609,6.124,6.6136,1,4.48
EXT_01072,5.956,5.4549,6.6136,1,5.615
EXT_01073,6.845,7.556,6.6136,1,8.0
EXT_01074,7.1905,7.8732,6.6136,1,7.65
EXT_01075,5.4743,5.6279,6.6136,1,6.6
EXT_01076,7.3004,7.3777,6.6136,1,7.57
EXT_01077,7.8881,7.4551,6.6136,1,7.245
EXT_01078,7.0542,7.3211,6.6136,1,7.49
EXT_01079,6.3169,7.5694,6.6136,1,5.69
EXT_01080,7.1436,7.4818,6.6136,1,7.32
EXT_01081,6.9376,6.964,6.6136,1,6.92
EXT_01082,6.8667,5.748,6.6136,1,7.23
EXT_01083,7.2567,6.7464,6.6136,1,7.985
EXT_01084,7.4067,7.7718,6.6136,1,8.595
EXT_01085,4.9714,3.6334,6.6136,0,5.21
EXT_01086,5.1728,4.6075,6.6136,1,5.34
EXT_01087,7.3088,6.9744,6.6136,0,8.505
EXT_01088,4.4483,4.7392,6.6136,0,4.78
EXT_01089,7.545,7.529,6.6136,1,8.72
EXT_01090,7.0629,7.3646,6.6136,1,7.39
EXT_01091,7.3034,7.5615,6.6136,1,8.4
EXT_01092,7.3034,7.5615,6.6136,1,7.01
EXT_01093,7.5867,7.6856,6.6136,1,7.455
EXT_01094,5.3192,6.036,6.6136,1,6.18
EXT_01095,7.216,7.403,6.6136,1,8.225
EXT_01096,6.6554,6.5209,6.6136,0,7.7
EXT_01097,7.4698,8.4624,6.6136,1,7.54
EXT_01098,5.5496,5.7504,6.6136,1,4.38
EXT_01099,7.3895,6.6377,6.6136,1,7.865
EXT_01100,7.1108,8.3196,6.6136,1,7.01
EXT_01101,6.7511,7.2793,6.6136,1,6.23
EXT_01102,6.4281,7.0496,6.6136,1,5.99
EXT_01103,7.124,7.1012,6.6136,1,7.45
EXT_01104,7.3777,7.1886,6.6136,1,8.72
EXT_01105,7.3777,7.1886,6.6136,1,8.33
EXT_01106,7.2639,6.6177,6.6136,1,6.875
EXT_01107,7.3773,7.2103,6.6136,1,6.995
EXT_01108,6.2877,7.5731,6.6136,1,7.17
EXT_01109,5.637,3.7638,6.6136,1,5.34
EXT_01110,6.9605,7.4552,6.6136,0,7.6
EXT_01111,5.5066,5.5973,6.6136,1,5.58
EXT_01112,6.3019,7.3132,6.6136,1,7.15
EXT_01113,7.1873,8.5918,6.6136,1,8.23
EXT_01114,4.9901,5.1625,6.6136,1,5.03
EXT_01115,6.4321,6.3447,6.6136,1,4.5
EXT_01116,5.5466,5.6306,6.6136,0,7.86
EXT_01117,7.2546,6.5632,6.6136,1,8.16
EXT_01118,5.7173,3.96,6.6136,0,5.8
EXT_01119,5.4726,6.224,6.6136,1,7.36
EXT_01120,5.2588,4.526,6.6136,1,5.75
EXT_01121,5.6502,6.1935,6.6136,1,4.54
EXT_01122,7.7156,7.9951,6.6136,1,7.66
EXT_01123,7.3891,7.4876,6.6136,1,8.7
EXT_01124,7.2178,5.9167,6.6136,1,6.75
EXT_01125,5.3232,3.582,6.6136,0,5.85
EXT_01126,7.1055,7.4101,6.6136,1,7.43
EXT_01127,5.1709,5.0436,6.6136,1,5.87
EXT_01128,6.2719,6.5827,6.6136,1,7.13
EXT_01129,7.318,10.1225,6.6136,1,8.64
EXT_01130,5.2954,3.9998,6.6136,1,9.2
EXT_01131,4.9582,5.082,6.6136,1,5.85
EXT_01132,7.4778,7.6086,6.6136,1,8.5
EXT_01133,7.2514,8.1196,6.6136,1,7.05
EXT_01134,6.5418,9.033,6.6136,1,5.68
EXT_01136,4.819,3.6023,6.6136,1,6.22
EXT_01137,7.2832,7.9146,6.6136,1,6.63
EXT_01138,5.1825,5.3461,6.6136,1,4.71
EXT_01139,7.2305,5.1282,6.6136,0,8.275
EXT_01140,7.2175,7.0778,6.6136,0,7.22
EXT_01141,6.9382,8.0218,6.6136,1,8.0
EXT_01142,8.693,8.145,6.6136,1,8.73
EXT_01143,8.693,8.145,6.6136,1,6.07
EXT_01144,6.4738,5.7069,6.6136,1,6.94
EXT_01145,6.4738,5.7069,6.6136,1,6.94
EXT_01146,7.1853,7.2943,6.6136,1,8.37
EXT_01147,7.6472,7.4695,6.6136,1,8.61
EXT_01148,5.0853,5.5922,6.6136,1,5.31
EXT_01149,7.3165,7.4084,6.6136,0,7.32
EXT_01150,5.3285,4.3789,6.6136,1,5.9
EXT_01151,6.9348,8.8149,6.6136,1,8.24
EXT_01152,7.5257,6.9706,6.6136,1,7.39
EXT_01153,7.7929,8.0677,6.6136,0,7.85
EXT_01154,7.7929,8.0677,6.6136,0,6.16
EXT_01155,7.4843,6.8923,6.6136,1,8.85
EXT_01156,6.491,8.4033,6.6136,1,5.22
EXT_01157,6.3031,7.55,6.6136,0,7.1
EXT_01158,7.0245,6.6094,6.6136,0,7.21
EXT_01159,7.62,9.0037,6.6136,1,7.76
EXT_01160,7.219,7.691,6.6136,1,9.275
EXT_01161,4.7957,4.3507,6.6136,1,5.91
EXT_01162,7.2642,6.8425,6.6136,1,7.235
EXT_01163,7.59,8.7251,6.6136,0,8.21
EXT_01164,7.4009,7.4779,6.6136,0,8.32
EXT_01165,7.365,7.3938,6.6136,1,7.92
EXT_01167,7.0743,7.2314,6.6136,1,6.44
EXT_01168,5.5754,4.797,6.6136,1,5.56
EXT_01169,7.37,7.4248,6.6136,0,7.82
EXT_01170,7.086,7.4504,6.6136,1,7.42
EXT_01171,6.832,8.9962,6.6136,1,8.23
EXT_01172,5.4814,4.3913,6.6136,1,5.84
EXT_01173,7.0865,8.3796,6.6136,1,7.185
EXT_01174,4.9368,4.6294,6.6136,1,5.385
EXT_01175,7.2258,7.6691,6.6136,1,7.08
EXT_01176,6.2647,6.0107,6.6136,1,5.89
EXT_01177,7.3201,5.3957,6.6136,1,6.6
EXT_01178,7.9126,7.564,6.6136,1,7.025
EXT_01179,5.014,4.1243,6.6136,1,6.94
EXT_01180,7.4443,8.0162,6.6136,1,8.715
EXT_01181,7.4443,8.0162,6.6136,1,8.645
EXT_01182,7.1029,7.5681,6.6136,1,8.39
EXT_01183,7.409,7.2365,6.6136,0,8.13
EXT_01184,7.1788,7.9577,6.6136,1,7.53
EXT_01185,7.242,7.0685,6.6136,1,6.94
EXT_01186,7.0732,8.5193,6.6136,1,7.37
EXT_01187,7.2432,5.537,6.6136,1,7.45
EXT_01188,7.3572,7.0152,6.6136,0,7.16
EXT_01190,6.3603,6.515,6.6136,1,8.61
EXT_01191,6.0042,5.1489,6.6136,0,4.26
EXT_01192,6.0959,5.6751,6.6136,0,5.7
EXT_01193,5.2534,4.6457,6.6136,1,4.72
EXT_01194,7.2023,8.0846,6.6136,1,7.83
EXT_01195,7.6398,7.1208,6.6136,0,7.27
EXT_01196,6.7789,7.6717,6.6136,0,5.85
EXT_01197,7.0625,7.287,6.6136,0,7.065
EXT_01198,6.7463,7.3693,6.6136,0,8.0
EXT_01199,5.4293,5.8061,6.6136,1,4.77
EXT_01200,7.4384,7.3927,6.6136,1,8.92
EXT_01202,6.364,6.9913,6.6136,1,6.74
EXT_01203,4.8826,3.6623,6.6136,1,6.4
EXT_01205,7.1098,6.8731,6.6136,1,6.135
EXT_01206,6.9262,6.5979,6.6136,1,6.88
EXT_01207,7.4956,6.8765,6.6136,1,8.645
EXT_01208,7.1466,7.3601,6.6136,1,7.72
EXT_01209,5.2262,4.824,6.6136,1,5.54
EXT_01210,6.8319,7.6997,6.6136,1,6.18
EXT_01211,7.6833,6.3472,6.6136,1,7.675
EXT_01213,5.0118,4.484,6.6136,1,6.49
EXT_01214,5.0985,5.3442,6.6136,1,5.81
EXT_01215,6.9555,6.5834,6.6136,1,8.4
EXT_01216,6.7769,6.7933,6.6136,0,6.82
EXT_01217,6.8491,6.9076,6.6136,0,7.83
EXT_01218,6.9832,7.2653,6.6136,1,8.3
EXT_01220,7.1116,7.6653,6.6136,1,7.77
EXT_01221,7.2906,7.846,6.6136,1,7.75
EXT_01222,7.8236,8.15,6.6136,1,9.1
EXT_01223,5.208,4.5176,6.6136,1,5.27
EXT_01224,6.7514,7.7571,6.6136,1,6.65
EXT_01225,5.2165,5.4266,6.6136,0,7.78
EXT_01226,7.3446,8.7026,6.6136,0,6.81
EXT_01227,7.0007,8.1891,6.6136,1,8.64
EXT_01228,7.0689,7.7642,6.6136,1,7.61
EXT_01229,7.4627,6.7729,6.6136,1,7.755
EXT_01230,5.4555,3.8772,6.6136,1,6.16
EXT_01231,7.0559,6.2428,6.6136,1,8.5
EXT_01232,7.0954,8.2436,6.6136,1,6.98
EXT_01233,7.5138,6.9086,6.6136,1,8.63
EXT_01234,7.1483,7.623,6.6136,1,7.07
EXT_01235,5.9573,6.244,6.6136,0,5.8
EXT_01236,7.4348,8.9533,6.6136,1,8.11
EXT_01237,7.2,6.9012,6.6136,1,7.78
EXT_01238,7.345,7.5783,6.6136,0,7.35
EXT_01239,7.7986,7.5459,6.6136,1,7.915
EXT_01242,6.7517,7.8293,6.6136,1,4.83
EXT_01245,5.3201,6.5109,6.6136,1,4.76
EXT_01246,7.5567,7.0637,6.6136,0,7.81
EXT_01247,7.3911,7.0982,6.6136,1,8.6
EXT_01248,7.4681,8.4897,6.6136,0,7.89
EXT_01249,7.2876,5.697,6.6136,1,5.81
EXT_01250,6.4455,6.6953,6.6136,1,4.71
EXT_01251,5.7595,6.0755,6.6136,0,5.2
EXT_01252,7.5828,8.9721,6.6136,0,8.25
EXT_01253,4.9914,5.2358,6.6136,1,5.52
EXT_01254,5.6287,5.118,6.6136,0,8.33
EXT_01255,5.3882,4.1611,6.6136,1,5.49
EXT_01256,5.6361,6.3064,6.6136,0,5.645
EXT_01257,7.1652,7.8414,6.6136,1,7.14
EXT_01258,7.0146,4.344,6.6136,1,6.305
EXT_01259,7.3367,6.558,6.6136,1,8.02
EXT_01260,6.4264,6.7972,6.6136,1,6.08
EXT_01261,7.4166,8.358,6.6136,0,8.62
EXT_01262,6.5243,6.7103,6.6136,1,4.75
EXT_01263,5.5779,4.8192,6.6136,1,6.33
EXT_01264,4.0848,4.306,6.6136,0,6.47
EXT_01265,4.6532,4.4716,6.6136,1,5.11
EXT_01266,6.4941,6.6627,6.6136,0,5.71
EXT_01267,5.0599,4.2134,6.6136,1,5.87
EXT_01268,6.6353,7.5291,6.6136,1,7.36
EXT_01269,7.8876,7.2558,6.6136,0,8.15
EXT_01270,6.2374,6.5745,6.6136,0,6.91
EXT_01271,7.23,8.5055,6.6136,1,6.9
EXT_01272,4.9407,4.3929,6.6136,1,5.53
EXT_01273,6.41,7.2787,6.6136,1,6.66
EXT_01274,7.1331,6.599,6.6136,0,6.76
EXT_01275,7.1586,7.0008,6.6136,1,7.14
EXT_01276,7.1724,6.5969,6.6136,1,8.75
EXT_01277,7.3108,7.7858,6.6136,1,9.05
EXT_01278,7.1284,6.8827,6.6136,1,5.21
EXT_01279,7.3502,6.6083,6.6136,1,7.105
EXT_01280,7.1533,8.1005,6.6136,1,8.02
EXT_01281,7.8882,7.3046,6.6136,0,7.92
EXT_01282,7.2304,6.8972,6.6136,0,6.24
EXT_01283,7.0866,7.1631,6.6136,1,8.66
EXT_01284,4.9567,4.9452,6.6136,1,6.07
EXT_01285,7.2587,7.7503,6.6136,1,8.07
EXT_01286,6.3075,5.4964,6.6136,1,4.97
EXT_01287,7.1157,7.7067,6.6136,1,5.07
EXT_01289,7.1747,6.2993,6.6136,1,8.3
EXT_01291,4.4248,3.3074,6.6136,1,4.44
EXT_01292,5.241,4.8204,6.6136,1,6.17
EXT_01294,7.3229,8.6775,6.6136,1,7.76
EXT_01295,7.1899,6.0282,6.6136,1,6.775
EXT_01296,4.9775,4.8735,6.6136,1,4.99
EXT_01297,6.5395,6.6628,6.6136,1,7.41
EXT_01298,6.1147,6.7365,6.6136,1,8.41
EXT_01299,7.1699,7.4879,6.6136,1,5.34
EXT_01300,6.9666,7.8149,6.6136,1,8.52
EXT_01301,7.2035,7.0406,6.6136,1,7.83
EXT_01302,4.8329,5.0954,6.6136,1,4.36
EXT_01303,5.717,6.0629,6.6136,0,5.54
EXT_01304,7.1769,5.2697,6.6136,1,6.17
EXT_01305,7.2791,6.9665,6.6136,1,7.85
EXT_01306,6.8098,6.7343,6.6136,1,5.88
EXT_01307,6.9665,7.1397,6.6136,1,7.8
EXT_01308,7.8019,7.6399,6.6136,0,8.66
EXT_01309,6.4274,5.6991,6.6136,1,5.48
EXT_01310,6.1293,6.7262,6.6136,1,8.09
EXT_01311,5.2235,4.7817,6.6136,1,5.76
EXT_01312,7.2932,7.592,6.6136,1,7.7
EXT_01313,5.3773,3.8808,6.6136,1,8.23
EXT_01314,7.3835,7.0923,6.6136,1,7.505
EXT_01315,7.6164,7.3835,6.6136,0,7.79
EXT_01316,7.3614,6.4476,6.6136,1,8.58
EXT_01317,7.2147,6.9453,6.6136,1,6.85
EXT_01318,7.2147,6.9453,6.6136,1,6.54
EXT_01319,7.5173,7.3554,6.6136,1,8.5
EXT_01320,7.6114,9.0543,6.6136,1,7.89
EXT_01321,6.6427,8.3984,6.6136,1,7.65
EXT_01322,7.2178,7.6776,6.6136,1,8.755
EXT_01323,5.0616,4.6932,6.6136,1,5.48
EXT_01324,7.0774,7.912,6.6136,1,8.1
EXT_01325,9.1365,8.8331,6.6136,0,9.32
EXT_01326,8.3382,8.2801,6.6136,1,9.62
EXT_01327,8.3382,8.2801,6.6136,1,8.73
EXT_01328,7.1332,6.7582,6.6136,1,5.82
EXT_01329,6.4995,6.4463,6.6136,1,8.3
EXT_01330,4.9088,5.0914,6.6136,1,5.12
EXT_01331,7.2008,7.8036,6.6136,1,7.14
EXT_01332,5.8327,6.6496,6.6136,1,6.305
EXT_01333,5.5903,5.0188,6.6136,1,4.75
EXT_01334,6.6217,7.0434,6.6136,0,7.64
EXT_01335,6.8247,6.8692,6.6136,1,8.7
EXT_01336,7.0267,7.6842,6.6136,1,8.06
EXT_01337,7.1854,7.5144,6.6136,0,8.125
EXT_01338,8.5458,8.2538,6.6136,0,8.96
EXT_01339,6.5267,7.3454,6.6136,1,7.96
EXT_01340,6.5267,7.3454,6.6136,1,7.11
EXT_01341,7.2793,7.1447,6.6136,1,8.54
EXT_01342,7.4059,5.5571,6.6136,1,7.68
EXT_01343,7.4866,6.6199,6.6136,1,8.65
EXT_01344,7.4866,6.6199,6.6136,1,5.945
EXT_01345,5.2849,4.6894,6.6136,1,5.82
EXT_01346,7.2297,7.387,6.6136,0,5.93
EXT_01347,7.0614,6.8656,6.6136,1,6.06
EXT_01348,7.1501,6.949,6.6136,1,6.545
EXT_01349,7.1647,7.4962,6.6136,1,7.95
EXT_01350,4.8202,4.331,6.6136,1,6.42
EXT_01351,6.7268,7.1066,6.6136,1,5.59
EXT_01352,7.5074,6.8369,6.6136,1,7.805
EXT_01354,5.3554,6.1856,6.6136,1,4.24
EXT_01355,5.0502,5.9135,6.6136,1,6.16
EXT_01356,7.1617,6.2049,6.6136,1,5.47
EXT_01357,7.6288,8.4706,6.6136,1,8.62
EXT_01358,7.2096,7.497,6.6136,1,6.26
EXT_01360,7.0343,7.9199,6.6136,1,8.87
EXT_01361,7.1031,7.666,6.6136,1,8.35
EXT_01362,7.7537,7.6076,6.6136,0,8.05
EXT_01363,6.7654,6.7895,6.6136,0,7.635
EXT_01364,5.2702,4.5564,6.6136,1,4.98
EXT_01365,6.7962,6.8772,6.6136,1,7.02
EXT_01366,6.7962,6.8772,6.6136,1,7.55
EXT_01367,7.2418,7.2035,6.6136,1,9.1
EXT_01368,7.9892,8.0559,6.6136,0,8.82
EXT_01369,7.1432,6.4976,6.6136,1,6.085
EXT_01370,6.7726,6.8399,6.6136,0,7.38
EXT_01371,6.9425,8.1998,6.6136,0,7.35
EXT_01372,6.9425,8.1998,6.6136,0,6.67
EXT_01373,7.3852,7.9684,6.6136,1,8.89
EXT_01374,7.3852,7.9684,6.6136,1,9.1
EXT_01375,6.3928,6.9271,6.6136,0,6.655
EXT_01376,6.0705,6.3118,6.6136,0,6.0
EXT_01377,7.3537,6.1227,6.6136,1,8.035
EXT_01378,6.7517,7.4318,6.6136,1,6.95
EXT_01379,5.5938,5.7807,6.6136,1,5.01
EXT_01380,5.5938,5.7807,6.6136,1,4.54
EXT_01382,7.1805,7.3608,6.6136,1,7.87
EXT_01383,7.2256,8.6707,6.6136,1,6.82
EXT_01384,7.1552,7.3765,6.6136,0,8.485
EXT_01385,6.7819,5.6702,6.6136,0,7.71
EXT_01386,5.4809,4.5535,6.6136,1,4.26
EXT_01387,7.2109,7.1698,6.6136,1,8.74
EXT_01388,6.4497,4.9767,6.6136,1,5.48
EXT_01389,7.2988,7.9602,6.6136,1,8.74
EXT_01390,7.2433,8.5338,6.6136,1,7.91
EXT_01391,7.3166,7.9253,6.6136,1,8.06
EXT_01392,5.0526,4.5527,6.6136,1,5.28
EXT_01393,7.6101,6.518,6.6136,0,6.58
EXT_01395,7.4114,8.2732,6.6136,1,8.46
EXT_01396,7.4125,7.0643,6.6136,1,7.4
EXT_01397,6.1005,5.7185,6.6136,1,5.64
EXT_01398,6.3699,5.3368,6.6136,1,8.0
EXT_01399,9.149,8.9743,6.6136,0,9.21
EXT_01400,6.4421,4.9687,6.6136,1,7.27
EXT_01401,6.4421,4.9687,6.6136,1,6.07
EXT_01402,6.1089,3.5723,6.6136,1,5.58
EXT_01403,7.3782,8.0254,6.6136,1,8.91
EXT_01404,4.8515,3.6368,6.6136,1,6.16
EXT_01405,7.2086,6.6776,6.6136,1,6.42
EXT_01406,6.748,6.4737,6.6136,0,4.87
EXT_01407,5.2298,4.8107,6.6136,1,5.47
EXT_01409,8.7069,9.1064,6.6136,0,9.45
EXT_01410,5.0331,4.5588,6.6136,1,4.64
EXT_01411,7.0457,7.829,6.6136,1,6.51
EXT_01412,6.5963,6.2485,6.6136,0,7.11
EXT_01413,5.834,6.3341,6.6136,1,7.02
EXT_01414,6.9492,6.497,6.6136,0,5.65
EXT_01415,6.9781,7.902,6.6136,1,6.31
EXT_01416,6.8386,7.0216,6.6136,1,8.23
EXT_01417,7.796,8.0677,6.6136,1,7.8
EXT_01418,7.3567,7.4794,6.6136,1,8.76
EXT_01419,7.3567,7.4794,6.6136,1,8.22
EXT_01420,7.3709,7.0611,6.6136,1,8.8
EXT_01421,6.507,6.704,6.6136,0,6.79
EXT_01422,6.4602,6.1188,6.6136,0,5.82
EXT_01423,7.3434,6.9627,6.6136,1,8.8
EXT_01424,7.3108,9.4996,6.6136,1,9.22
EXT_01425,7.5412,8.1157,6.6136,0,7.8
EXT_01426,5.4052,3.3679,6.6136,1,6.21
EXT_01427,7.4595,7.3176,6.6136,1,7.52
EXT_01428,7.1698,7.1064,6.6136,1,8.64
EXT_01429,7.2342,6.1239,6.6136,1,6.835
EXT_01430,5.6693,4.7716,6.6136,1,5.43
EXT_01431,7.0137,7.4264,6.6136,1,8.32
EXT_01432,6.8808,7.2309,6.6136,1,8.23
EXT_01433,7.3562,8.3038,6.6136,1,8.53
EXT_01434,3.629,3.6848,6.6136,0,4.74
EXT_01435,6.6311,6.8819,6.6136,1,5.5
EXT_01436,6.4995,8.0657,6.6136,1,8.82
EXT_01437,7.3502,7.5278,6.6136,1,7.995
EXT_01439,7.3208,5.3438,6.6136,0,8.58
EXT_01440,7.3208,5.3438,6.6136,0,6.92
EXT_01441,7.0447,7.2202,6.6136,1,7.31
EXT_01442,7.0447,7.2202,6.6136,1,7.67
EXT_01443,7.078,7.3668,6.6136,1,7.82
EXT_01444,5.0781,6.2707,6.6136,0,5.03
EXT_01445,5.726,4.4872,6.6136,1,5.9
EXT_01446,7.3652,7.4754,6.6136,0,8.54
EXT_01447,7.6663,8.5505,6.6136,1,8.03
EXT_01448,7.7397,7.271,6.6136,1,8.31
EXT_01449,5.3173,5.4706,6.6136,1,5.56
EXT_01450,7.3491,7.3458,6.6136,1,8.075
EXT_01451,8.2115,8.3749,6.6136,0,7.47
EXT_01452,8.2115,8.3749,6.6136,0,9.24
EXT_01455,7.3378,7.0926,6.6136,1,8.26
EXT_01456,6.7198,6.4057,6.6136,1,7.01
EXT_01459,8.1215,8.4088,6.6136,1,8.14
EXT_01460,5.1666,4.7848,6.6136,1,4.92
EXT_01461,5.5798,3.7042,6.6136,1,5.84
EXT_01462,7.5594,7.1029,6.6136,0,7.79
EXT_01463,7.0317,7.4236,6.6136,1,8.5
EXT_01464,5.4063,5.6848,6.6136,1,4.63
EXT_01465,7.0567,7.2455,6.6136,1,7.9
EXT_01466,6.96,7.9599,6.6136,1,6.89
EXT_01467,5.7605,6.7037,6.6136,1,5.18
EXT_01468,7.3816,7.8475,6.6136,0,7.75
EXT_01469,5.1616,5.2208,6.6136,1,4.85
EXT_01470,7.538,6.9405,6.6136,1,5.705
EXT_01471,7.1404,7.2083,6.6136,0,8.33
EXT_01472,7.2853,7.7369,6.6136,1,7.69
EXT_01473,7.906,8.2483,6.6136,1,7.44
EXT_01474,8.0745,7.9306,6.6136,1,9.0
EXT_01475,5.3236,4.8487,6.6136,1,5.9
EXT_01476,7.3239,7.2255,6.6136,1,6.77
EXT_01477,5.171,4.1816,6.6136,1,6.26
EXT_01478,5.4154,6.4261,6.6136,1,5.18
EXT_01479,6.9014,7.9811,6.6136,1,7.99
EXT_01480,6.776,5.9191,6.6136,1,4.26
EXT_01481,6.9829,7.1467,6.6136,1,7.37
EXT_01482,7.0461,6.7559,6.6136,1,8.96
EXT_01483,6.84,7.358,6.6136,0,7.08
EXT_01484,7.2518,5.5515,6.6136,1,6.705
EXT_01485,7.0985,6.0661,6.6136,1,7.71
EXT_01486,6.9623,7.7075,6.6136,0,6.43
EXT_01487,7.19,7.004,6.6136,1,8.68
EXT_01488,7.071,7.5096,6.6136,1,7.7
EXT_01489,7.071,7.5096,6.6136,1,5.59
EXT_01490,6.8501,6.608,6.6136,0,7.79
EXT_01491,5.5964,5.121,6.6136,0,7.15
EXT_01492,5.3687,4.7822,6.6136,0,4.87
EXT_01493,7.0631,8.1141,6.6136,1,9.165
EXT_01494,7.1065,6.9154,6.6136,1,5.85
EXT_01495,7.2327,8.7513,6.6136,1,8.36
EXT_01496,7.2598,8.9718,6.6136,1,8.815
EXT_01497,5.3662,4.1545,6.6136,1,4.3
EXT_01498,5.6727,5.5413,6.6136,1,5.91
EXT_01499,5.304,5.1442,6.6136,1,7.72
EXT_01500,7.385,7.4571,6.6136,1,7.92
EXT_01501,6.7682,7.9864,6.6136,1,5.76
EXT_01502,7.1832,7.7234,6.6136,1,7.52
EXT_01503,6.899,7.3048,6.6136,1,7.64
EXT_01505,7.439,8.4812,6.6136,1,7.75
EXT_01506,5.6539,6.1241,6.6136,1,5.44
EXT_01507,7.693,7.7906,6.6136,0,8.3
EXT_01509,5.5528,5.9276,6.6136,1,6.34
EXT_01510,5.3633,3.8649,6.6136,1,9.06
EXT_01511,7.2639,7.0107,6.6136,1,8.845
EXT_01512,7.2292,6.4439,6.6136,1,7.62
EXT_01513,6.6163,6.5616,6.6136,1,7.77
EXT_01514,5.4225,4.5644,6.6136,1,5.43
EXT_01515,7.2115,7.5626,6.6136,1,6.82
EXT_01516,5.035,4.8612,6.6136,1,5.93
EXT_01517,7.1711,7.1051,6.6136,1,7.88
EXT_01518,7.1411,6.5862,6.6136,1,8.055
EXT_01519,6.561,5.9815,6.6136,1,6.075
EXT_01520,6.2986,5.6062,6.6136,1,4.74
EXT_01521,7.6596,6.8762,6.6136,1,5.94
EXT_01522,7.2837,7.245,6.6136,0,8.24
EXT_01523,7.2837,7.245,6.6136,0,8.445
EXT_01524,7.2198,7.7334,6.6136,1,8.905
EXT_01525,6.7317,6.983,6.6136,1,8.23
EXT_01526,7.2508,7.2844,6.6136,1,8.4
EXT_01527,4.795,4.5229,6.6136,1,4.77
EXT_01528,4.9272,3.7899,6.6136,1,6.7
EXT_01529,7.3252,7.2476,6.6136,0,8.1
EXT_01530,7.3252,7.2476,6.6136,0,7.125
EXT_01531,7.5886,7.4698,6.6136,1,8.175
EXT_01532,7.4108,6.9377,6.6136,1,7.125
EXT_01533,7.5273,6.7587,6.6136,1,8.41
EXT_01534,6.9232,7.0612,6.6136,1,8.75
EXT_01535,5.0281,5.2253,6.6136,1,5.31
EXT_01536,7.3568,5.3992,6.6136,1,7.23
EXT_01537,5.2034,4.8116,6.6136,1,7.0
EXT_01538,7.3274,7.8557,6.6136,0,8.455
EXT_01539,7.249,5.5652,6.6136,1,5.655
EXT_01540,7.2078,6.559,6.6136,1,7.2
EXT_01541,5.2891,5.1158,6.6136,1,7.73
EXT_01543,7.673,6.6579,6.6136,1,8.235
EXT_01544,7.5062,6.0606,6.6136,1,8.075
EXT_01545,7.3808,6.3867,6.6136,1,7.845
EXT_01546,5.0197,4.8357,6.6136,1,5.4
EXT_01547,5.0197,4.8357,6.6136,1,4.04
EXT_01548,7.0024,7.55,6.6136,1,8.92
EXT_01549,7.3458,7.7372,6.6136,1,9.06
EXT_01550,7.3603,7.6516,6.6136,1,7.76
EXT_01551,4.4762,4.0311,6.6136,1,4.43
EXT_01552,5.2357,4.5234,6.6136,1,4.97
EXT_01553,7.147,6.9158,6.6136,0,5.32
EXT_01554,7.1611,7.4648,6.6136,0,8.115
EXT_01555,7.5339,6.8553,6.6136,1,8.205
EXT_01556,5.2337,5.2203,6.6136,1,6.64
EXT_01557,6.4678,7.8675,6.6136,1,8.7
EXT_01558,6.4678,7.8675,6.6136,1,9.04
EXT_01559,4.2904,4.5805,6.6136,1,4.9
EXT_01560,7.7668,6.6193,6.6136,1,8.55
EXT_01561,7.1725,7.5888,6.6136,1,7.78
EXT_01562,4.9377,4.212,6.6136,1,4.72
EXT_01563,7.2357,7.6573,6.6136,1,8.7
EXT_01564,6.9124,5.8706,6.6136,1,7.92
EXT_01565,7.0033,9.6345,6.6136,1,8.83
EXT_01566,7.233,6.91,6.6136,1,8.03
EXT_01567,6.6549,7.0097,6.6136,1,7.015
EXT_01568,5.7843,4.1425,6.6136,1,5.795
EXT_01571,7.2308,7.8645,6.6136,1,8.94
EXT_01572,7.3813,7.2564,6.6136,1,8.35
EXT_01573,7.5674,6.3334,6.6136,1,7.445
EXT_01574,7.5674,6.3334,6.6136,1,7.22
EXT_01575,7.2256,6.197,6.6136,1,7.7
EXT_01576,7.3789,7.5558,6.6136,0,7.935
EXT_01577,5.5481,5.6955,6.6136,0,5.57
EXT_01578,7.4158,8.8457,6.6136,0,8.21
EXT_01579,7.1555,7.3749,6.6136,1,8.255
EXT_01580,6.9616,7.1471,6.6136,0,7.27
EXT_01581,7.1104,6.7954,6.6136,1,5.41
EXT_01582,5.8359,5.8592,6.6136,1,5.985
EXT_01583,6.0221,7.2208,6.6136,1,5.965
EXT_01584,7.1902,7.4953,6.6136,1,9.205
EXT_01585,7.2557,7.1133,6.6136,0,5.95
EXT_01587,4.7668,6.2564,6.6136,1,5.1
EXT_01588,5.1865,5.1071,6.6136,1,5.29
EXT_01589,6.1727,6.2104,6.6136,1,6.14
EXT_01590,7.6792,7.5573,6.6136,1,8.4
EXT_01591,8.4265,8.6559,6.6136,1,9.49
EXT_01592,5.7115,6.8242,6.6136,0,5.7
EXT_01593,4.5507,3.7135,6.6136,1,5.62
EXT_01595,5.0912,4.7726,6.6136,1,6.9
EXT_01596,6.8933,7.8989,6.6136,1,6.62
EXT_01597,7.4689,7.0908,6.6136,1,7.965
EXT_01598,7.4562,8.4889,6.6136,1,9.4
EXT_01599,7.4562,8.4889,6.6136,1,9.05
EXT_01600,7.4841,6.8569,6.6136,0,8.59
EXT_01601,7.3201,7.1998,6.6136,1,8.13
EXT_01602,7.1394,8.3891,6.6136,1,7.52
EXT_01603,7.1394,8.3891,6.6136,1,6.77
EXT_01604,7.2779,7.14,6.6136,1,8.15
EXT_01605,6.5599,7.9688,6.6136,1,7.68
EXT_01606,6.9678,7.6419,6.6136,1,7.65
EXT_01607,7.1514,7.9072,6.6136,1,6.82
EXT_01608,5.5305,5.6115,6.6136,1,5.155
EXT_01609,5.3435,5.3889,6.6136,1,4.76
EXT_01610,5.3435,5.3889,6.6136,1,4.45
EXT_01611,4.71,5.8673,6.6136,1,4.51
EXT_01612,7.2136,6.4331,6.6136,1,6.835
EXT_01613,6.6997,7.0655,6.6136,1,7.67
EXT_01616,6.9207,7.228,6.6136,0,7.09
EXT_01617,5.4123,5.0926,6.6136,1,7.0
EXT_01618,7.752,7.6562,6.6136,1,8.435
EXT_01619,7.1602,5.9634,6.6136,0,6.52
EXT_01620,6.7642,6.4162,6.6136,1,6.265
EXT_01621,7.3068,6.4481,6.6136,1,8.1
EXT_01622,7.3052,8.1575,6.6136,1,6.94
EXT_01623,8.7537,9.0123,6.6136,0,9.35
EXT_01624,7.3341,10.0874,6.6136,1,8.46
EXT_01625,4.9359,4.3086,6.6136,1,6.53
EXT_01626,6.9767,7.5752,6.6136,1,7.42
EXT_01627,7.3574,6.7471,6.6136,1,5.735
EXT_01628,7.3574,6.7471,6.6136,1,7.295
EXT_01629,7.4502,7.0525,6.6136,1,8.55
EXT_01630,7.194,8.5938,6.6136,0,6.65
EXT_01631,7.1133,7.3018,6.6136,1,6.97
EXT_01632,5.3613,4.6582,6.6136,1,5.58
EXT_01633,7.1751,7.3402,6.6136,0,7.545
EXT_01634,5.1644,3.9372,6.6136,1,8.53
EXT_01635,6.6631,6.1758,6.6136,0,6.25
EXT_01636,7.1891,8.0657,6.6136,1,8.13
EXT_01637,7.5511,8.0748,6.6136,0,7.865
EXT_01638,7.4598,7.0192,6.6136,1,7.67
EXT_01639,7.7157,7.1657,6.6136,0,8.28
EXT_01640,6.1349,6.3311,6.6136,1,6.7
EXT_01641,6.2827,6.6132,6.6136,1,4.75
EXT_01642,6.9729,7.1636,6.6136,1,8.15
EXT_01643,7.3018,8.6977,6.6136,1,7.45
EXT_01644,6.2135,5.0574,6.6136,0,5.21
EXT_01645,7.2791,7.353,6.6136,1,8.0
EXT_01646,7.0112,7.9888,6.6136,1,7.32
EXT_01647,5.3138,4.7143,6.6136,1,5.77
EXT_01648,4.8396,4.7695,6.6136,1,5.58
EXT_01649,7.1946,7.1734,6.6136,1,6.85
EXT_01650,6.6348,7.5112,6.6136,1,7.7
EXT_01651,6.757,7.2801,6.6136,1,6.37
EXT_01652,7.3537,7.6355,6.6136,1,8.52
EXT_01653,7.3537,7.6355,6.6136,1,8.74
EXT_01654,7.0812,7.6986,6.6136,1,7.1
EXT_01655,7.375,7.63,6.6136,1,9.145
EXT_01656,5.2062,5.268,6.6136,0,7.49
EXT_01657,4.9836,5.9606,6.6136,1,6.89
EXT_01658,6.4448,6.4945,6.6136,0,6.08
EXT_01659,6.7588,7.2102,6.6136,1,7.1
EXT_01660,6.4786,5.9943,6.6136,1,6.64
EXT_01661,7.2893,7.9611,6.6136,1,6.99
EXT_01662,7.0883,7.7513,6.6136,1,8.14
EXT_01663,5.3272,5.1696,6.6136,1,5.53
EXT_01664,6.7797,6.5395,6.6136,1,6.09
EXT_01665,6.7797,6.5395,6.6136,1,7.19
EXT_01666,5.3329,4.9842,6.6136,1,4.85
EXT_01667,7.0078,6.8266,6.6136,0,6.5
EXT_01668,7.0146,7.0673,6.6136,0,8.02
EXT_01669,5.254,4.9451,6.6136,1,5.36
EXT_01670,7.1127,7.5464,6.6136,1,7.93
EXT_01671,5.8554,7.0289,6.6136,1,8.14
EXT_01672,5.3085,5.5224,6.6136,1,6.12
EXT_01673,6.7476,7.9632,6.6136,1,6.61
EXT_01674,7.3747,8.3696,6.6136,1,9.39
EXT_01675,5.5181,5.6048,6.6136,1,5.78
EXT_01676,6.8207,6.839,6.6136,1,5.78
EXT_01677,7.2255,7.0432,6.6136,1,7.97
EXT_01678,4.7848,4.3384,6.6136,1,5.33
EXT_01679,5.2512,5.2088,6.6136,1,5.33
EXT_01680,7.3512,7.8164,6.6136,1,7.08
EXT_01681,7.2052,7.2934,6.6136,1,7.79
EXT_01682,5.2404,5.2421,6.6136,1,5.19
EXT_01683,7.4998,7.4117,6.6136,1,8.05
EXT_01684,7.406,6.944,6.6136,0,7.08
EXT_01685,7.406,6.944,6.6136,0,7.15
EXT_01686,7.136,5.87,6.6136,1,6.82
EXT_01687,7.3764,6.7779,6.6136,1,6.8
EXT_01688,7.3114,8.7495,6.6136,1,8.075
EXT_01689,8.1035,7.7228,6.6136,0,8.66
EXT_01690,7.2352,9.1446,6.6136,0,6.19
EXT_01691,7.5632,8.2024,6.6136,1,6.76
EXT_01692,6.9415,9.0712,6.6136,1,7.83
EXT_01694,6.6386,6.5932,6.6136,1,6.93
EXT_01695,7.4425,6.8231,6.6136,1,7.04
EXT_01696,7.0224,7.0417,6.6136,0,7.79
EXT_01697,6.0809,4.2925,6.6136,1,5.75
EXT_01698,7.6531,8.4675,6.6136,1,8.64
EXT_01699,4.8051,4.8227,6.6136,1,5.83
EXT_01700,7.4473,8.1546,6.6136,1,8.2
EXT_01701,6.259,5.6925,6.6136,0,6.57
EXT_01702,7.6229,6.642,6.6136,1,7.045
EXT_01703,6.0748,6.4266,6.6136,1,7.77
EXT_01704,5.1137,4.8669,6.6136,1,4.56
EXT_01705,5.0715,4.2228,6.6136,1,5.54
